goal,match,scorer,zhao_reward,fan_score,zhao_score,time,ball_x,ball_y,ball_vx,ball_vy,zhao_x,zhao_y,high_plan,target_x,eta,rescue,last_touch,last_touch_time,last_rescue_time,last_touch_rescue,last_touch_vx
1,1,Fan,-1,1,0,2.240,6.007625,1.989691,-1.759631,-8.036436,2.874293,-0.8848422,False,5.651219,2.4,True,Fan,1.68,1.772044,False,11.115
2,1,Fan,-1,2,0,9.100,5.945598,-1.5465,2.663023,0,5.945618,1.801682,False,5.601219,0.12,False,Zhao,8.4,7.609227,True,2.693573
3,1,Zhao,1,2,1,15.740,-5.838027,0.8800173,-1.967512,-2.692349,-3.036773,-0.1577908,False,-5.474128,0.12,False,Zhao,13.62,7.609227,False,-4.828496
4,1,Fan,-1,3,1,21.180,6.156023,0.5122756,11.25141,-4.662001,3.05919,0.07725394,False,5.651219,2.4,True,Fan,20.46,20.61018,False,11.25141
5,1,Fan,-1,4,1,26.160,5.901891,-1.497485,1.9369,-0.2122206,3.793323,0.07780869,False,4.266988,0.12,True,Zhao,24.8,24.90778,False,2.550109
6,1,Zhao,1,4,2,33.160,-5.918601,-0.9897441,-4.307519,4.565821,-1.399576,-0.05551855,False,-5.651219,0.12,False,Fan,32.38,24.90778,False,-6.147298
7,1,Fan,-1,5,2,37.400,6.242394,0.2655262,11.115,-4.164352,2.441773,-0.00731707,False,5.651219,2.4,True,Fan,36.72,36.8754,False,11.115
8,1,Fan,-1,6,2,54.400,6.170526,-0.2566755,9.643497,0.2456676,2.994806,-0.01595076,False,-4.706103,0.12,True,Fan,53.98,51.03758,False,9.643497
9,1,Fan,-1,7,2,58.420,6.151822,1.313195,11.115,-0.1642838,4.497149,0.05726293,False,5.651219,2.4,True,Fan,58.08,58.19084,False,11.115
10,1,Zhao,1,7,3,67.720,-5.923938,0.01548251,-3.595753,-4.57913,1.83273,0.03769785,False,-5.651219,0.12,False,Zhao,65.46,63.75502,False,3.248809
11,1,Zhao,1,7,4,72.840,-5.943293,-0.1111697,-5.986307,-4.353429,-2.536858,0.2980829,False,-5.651219,0.12,False,Fan,72.5,63.75502,False,-5.986307
12,1,Zhao,1,7,5,88.480,-5.883044,-1.42637,-2.85125,0.2012124,-3.15893,0.02022766,False,-5.625194,0.12,False,Fan,88.32,63.75502,False,-2.85125
13,2,Zhao,1,0,1,93.440,-5.96037,-0.04568337,-4.506115,-8.321217,-1.040133,0.1603434,False,-5.651219,0.12,False,Fan,92.02,-100,False,-4.506115
14,2,Zhao,1,0,2,104.120,-5.806709,-1.546507,3.556933,9.320502E-09,-4.391698,-0.03956568,False,-4.814446,0.12,False,Fan,104.1,-100,False,3.556933
15,2,Zhao,1,0,3,110.920,-5.901477,-0.4723765,-3.434677,-1.329923,-2.003901,-0.005537748,False,-5.651219,0.12,False,Fan,109.88,-100,False,-4.541349
16,2,Zhao,1,0,4,116.200,-5.918004,0.005678713,-4.070188,-7.30371,-2.10155,-0.2382247,False,-5.651219,0.12,False,Zhao,115.22,-100,False,-4.522431
17,2,Fan,-1,1,4,122.800,5.92883,0.6656929,3.035923,-1.242806,5.121944,-0.3228346,False,5.651219,2.4,True,Zhao,122.16,121.5339,True,3.035923
18,2,Zhao,1,1,5,132.940,-5.926183,-1.515327,-4.595118,2.212931,-2.384552,0.06141944,False,-5.651219,0.12,False,Fan,131.98,128.3751,False,-7.270205
19,2,Fan,-1,2,5,142.300,5.948982,-1.5465,3.751934,0,4.4438,0.1599242,False,5.145236,0.12,True,Zhao,141.92,142.0922,False,3.773996
20,2,Fan,-1,3,5,149.340,6.111103,2.003783,11.115,3.269326,5.264585,0.7088643,True,5.651219,2.4,False,Fan,149.26,142.0922,False,11.115
21,2,Fan,-1,4,5,153.540,6.202844,1.481868,11.115,-2.506,3.121606,1.303713,True,5.651219,2.4,False,Fan,153.04,142.0922,False,11.115
22,2,Zhao,1,4,6,158.540,-5.918948,-1.405465,-2.197981,8.068232,0.5621324,0.465183,False,-5.582705,0.12,False,Zhao,157,154.0128,False,-5.912544
23,2,Zhao,1,4,7,163.640,-6.189921,1.464682,-10.39324,-2.477343,-0.2222799,1.662286,True,-5.651219,2.4,False,Zhao,163.12,154.0128,False,-10.39324
24,2,Fan,-1,5,7,167.620,6.221808,0.5805322,10.8,-3.38015,0.5751787,0.7693746,False,5.601219,0.12,False,Fan,166.76,154.0128,False,18.55709
25,3,Fan,-1,1,0,184.300,6.069773,1.097474,11.115,-3.878001,2.892803,0.08229984,False,5.651219,2.4,True,Fan,183.66,183.7114,False,11.115
26,3,Fan,-1,2,0,188.160,5.946787,2.102397,-3.73288,-7.925408,4.366529,-0.3002955,False,5.651219,2.4,True,Fan,187.88,187.9712,False,11.115
27,3,Fan,-1,3,0,197.160,6.213999,1.860363,11.115,-2.506,4.217052,-0.741078,False,5.651219,2.4,True,Fan,196.66,196.7943,False,11.115
28,3,Fan,-1,4,0,202.640,6.08025,0.5469969,11.115,-4.466001,2.815854,0.3902399,False,5.651219,2.4,True,Fan,201.94,202.1743,False,11.115
29,3,Zhao,1,4,1,208.320,-5.937549,-0.7409996,-6.413015,-4.416694,0.7753958,-0.0002158061,False,-5.651219,0.12,False,Fan,207.68,202.1743,False,-6.413015
30,3,Fan,-1,5,1,212.940,6.079972,1.913062,11.115,-3.051753,1.421116,0.1054531,False,5.651219,2.4,True,Fan,212.28,212.4762,False,11.115
31,3,Fan,-1,6,1,218.500,5.881997,-1.19907,1.876829,5.729531,4.545016,0.02970686,False,5.651219,2.4,True,Zhao,218.14,217.5565,True,2.131223
32,3,Fan,-1,7,1,222.600,5.932173,2.072457,-4.582025,-6.088761,4.109898,0.674516,True,4.259337,2.4,False,Zhao,222.36,217.5565,False,10.08939
33,3,Zhao,1,7,2,228.980,-5.880465,-0.6055385,-4.051172,4.018502,-0.2729659,0.1633623,False,-5.651219,0.12,False,Fan,227.98,222.8938,False,-6.560434
34,3,Zhao,1,7,3,239.500,-5.975739,-0.4754932,-7.2,-8.088005,3.614286,0.06979281,False,-5.651219,0.12,False,Zhao,237.92,236.6562,False,-7.2
35,3,Zhao,1,7,4,245.920,-5.884175,-1.188746,-3.673027,-4.618556,-1.954314,-0.1092861,False,-5.651219,0.12,False,Fan,245.22,236.6562,False,-3.673027
36,3,Zhao,1,7,5,266.420,-5.913468,-1.5465,-3.586016,0,-3.200922,0.006868836,False,-5.651219,0.12,False,Fan,264.16,250.1746,False,-4.753388
37,4,Fan,-1,1,0,276.200,5.882298,-0.06103874,1.687583,-4.197657,4.969625,0.05684102,False,5.651219,2.4,True,Zhao,275.66,274.2343,True,1.687583
38,4,Fan,-1,2,0,279.760,6.136142,0.5859525,11.45684,-3.651167,2.434695,-0.3680616,False,-4.393077,0.12,True,Fan,279.08,279.7122,False,11.45683
39,4,Zhao,1,2,1,283.940,-6.278932,-0.4623154,-17.24879,3.419259,1.32383,0.02172936,False,-5.651219,0.12,False,Fan,283.64,279.7122,False,-22.83084
40,4,Zhao,1,2,2,310.920,-5.903974,1.521577,-3.731444,-3.04424,-4.773421,-0.1876316,True,-5.649345,2.4,False,Fan,310.74,304.0721,False,-3.731444
41,4,Fan,-1,3,2,321.220,5.983145,-0.5425209,4.355165,-1.621307,3.998419,1.126321,False,5.651219,2.4,True,Zhao,320.9,320.0536,True,4.355165
42,4,Zhao,1,3,3,337.060,-5.902557,-0.3208776,-3.872686,-7.500195,-3.491327,-0.3226416,False,-5.651219,0.12,False,Zhao,336.54,320.0536,False,-3.872686
43,4,Fan,-1,4,3,341.740,6.348748,0.7538093,12.97707,-0.9514228,2.806582,3.273933,False,5.601219,0.12,True,Fan,341.24,341.5555,False,12.97707
44,4,Zhao,1,4,4,348.300,-5.942493,0.6339625,-7.350652,-7.232546,1.870047,-0.05870719,False,-5.651219,0.12,False,Zhao,347,346.7148,True,-7.350652
45,4,Fan,-1,5,4,354.720,5.879858,1.933394,-0.3494699,-8.952044,3.30641,-0.8931717,False,5.651219,2.4,True,Fan,353.96,354.1351,False,11.115
46,5,Fan,-1,1,0,364.380,5.96512,1.337901,3.511518,-0.2184263,5.354485,0.834102,False,5.651219,2.4,True,Zhao,363.84,362.9088,True,3.511518
47,5,Fan,-1,2,0,368.240,6.043592,2.056636,-4.012306,-7.629074,4.428567,1.062999,True,5.651219,2.4,False,Fan,368.02,362.9088,False,11.115
48,5,Zhao,1,2,1,374.720,-5.975373,-1.442013,-4.673747,-1.937581,-0.4432565,-0.0885325,False,-5.651219,0.12,False,Zhao,372.76,370.0339,False,-4.895975
49,5,Zhao,1,2,2,382.540,-5.969933,0.4190939,-4.788792,-1.775962,0.8832229,0.06474931,False,-5.651219,0.12,False,Fan,381.48,379.0544,False,-5.32877
50,5,Zhao,1,2,3,402.240,-5.84337,-1.5465,-2.357542,0,-3.169749,-0.04838783,False,-5.526274,0.12,False,Fan,401,386.2562,False,-2.406566
51,5,Fan,-1,3,3,411.660,6.108772,-1.50381,6.950108,0.4553012,3.732205,0.4952149,False,-0.8370012,0.12,True,Fan,410.06,410.4738,False,7.677245
52,5,Fan,-1,4,3,418.420,6.102777,1.993846,11.115,1.805999,6.137147,-0.07101405,True,5.651219,2.4,False,Fan,418.36,416.6341,False,11.115
53,5,Fan,-1,5,3,422.660,6.229748,1.714677,11.115,0.471251,3.86008,-0.1533466,False,5.651219,2.4,True,Fan,422.22,422.335,False,11.115
54,5,Zhao,1,5,4,433.040,-6.041812,-0.0618732,-6.48443,-7.147836,-0.5574918,0.6357923,False,-5.651219,0.12,False,Zhao,431.9,422.335,False,-6.48443
55,5,Zhao,1,5,5,438.240,-5.872216,-0.2400489,-2.512359,4.912517,-3.523639,0.457319,False,-5.573699,0.12,False,Zhao,436.6,422.335,False,-3.336735
56,5,Fan,-1,6,5,443.260,6.020224,2.067882,1.980673,-5.947165,4.537235,0.03862774,False,5.651219,2.4,True,Zhao,442.24,442.4153,False,6.754458
57,5,Zhao,1,6,6,448.060,-5.963237,-0.003481016,-5.634259,-7.836072,1.159624,0.07742663,False,-5.651219,0.12,False,Zhao,446.34,444.5786,False,-5.634259
58,6,Zhao,1,0,1,454.160,-6.055501,-0.1542129,-6.898345,-6.649052,-0.3004956,0.7604582,False,-5.651219,0.12,False,Zhao,453.16,-100,False,-6.898345
59,6,Zhao,1,0,2,465.760,-6.657776,-1.545878,-22.44,0.004000008,-2.363954,0.07726382,False,-5.651219,0.12,False,Zhao,465.58,-100,False,-22.44
60,6,Fan,-1,1,2,470.780,6.204653,1.837652,1.861399,-10.31827,1.084563,-0.9847696,False,5.651219,2.4,True,Fan,470.06,470.292,False,11.115
61,6,Zhao,1,1,3,477.300,-5.915772,1.578217,-3.857991,-3.69503,-3.751578,0.1387357,True,-5.651219,2.4,False,Fan,476.66,472.0951,False,-4.286657
62,6,Zhao,1,1,4,492.580,-5.84744,-0.07702477,-1.941713,0.9602568,-1.539444,0.03390723,False,-5.480445,0.12,False,Zhao,489.8,484.7725,False,-4.708797
63,6,Fan,-1,2,4,495.940,6.487024,0.5968298,16.2,-4.195032,1.668111,1.078973,False,5.601219,0.12,False,Fan,495.32,484.7725,False,16.2
64,6,Fan,-1,3,4,510.480,6.069465,0.7632306,11.115,-3.878001,3.490083,-0.04873588,False,5.651219,2.4,True,Fan,509.84,510.0369,False,11.115
65,6,Zhao,1,3,5,516.740,-5.943368,1.71689,-4.93259,-2.398886,-4.246694,0.1389734,True,-5.651219,2.4,False,Fan,516.56,510.0369,False,-4.93259
66,6,Zhao,1,3,6,531.960,-5.886968,-1.449594,-3.280645,-2.123714,-3.635451,0.05471333,False,-5.651219,0.12,False,Fan,530.32,510.0369,False,-5.0442
67,7,Zhao,1,0,1,544.540,-6.045859,0.8967232,-6.489025,-5.982023,-0.2015043,-0.2384041,False,-5.651219,0.12,False,Fan,543.56,-100,False,-6.489025
68,7,Fan,-1,1,1,553.120,6.250038,1.457643,11.115,1.217999,5.714126,0.0702865,False,5.143388,2.4,True,Fan,553,552.6342,False,11.115
69,7,Zhao,1,1,2,562.160,-5.880129,0.1353361,-3.081829,2.627649,-1.952565,-0.009537905,False,-5.649948,0.12,False,Fan,560.62,558.0539,False,-4.596672
70,7,Fan,-1,2,2,570.060,6.212051,1.152224,11.115,-2.898,3.510847,0.7451172,False,5.651219,2.4,True,Fan,569.52,569.7149,False,11.115
71,7,Fan,-1,3,2,587.700,6.317787,-1.329169,12.82162,-0.2630448,5.694998,2.028053,False,5.601219,0.12,False,Fan,587.6,586.6752,False,12.82162
72,7,Fan,-1,4,2,605.400,5.920391,0.5101694,3.22035,1.81489,6.763912,-0.02411274,False,5.601219,0.12,False,Zhao,605.36,598.4324,False,3.22035
73,7,Fan,-1,5,2,610.140,6.137906,1.970607,1.140931,-7.816949,5.69096,1.313993,False,4.580582,0.44,True,Zhao,610.12,609.5992,True,1.140931
74,7,Fan,-1,6,2,618.700,6.263412,1.814343,11.115,-5.642002,2.331161,-0.1177628,False,-2.903169,0.2,True,Fan,617.88,617.8946,False,11.115
75,8,Zhao,1,0,1,645.440,-5.9466,-1.54609,-5.426001,0,-1.640752,0.04676289,False,-5.651219,0.12,False,Fan,644.66,642.1987,False,-8.622541
76,8,Zhao,1,0,2,654.920,-5.83351,-0.8957757,-1.985281,1.570985,-1.879048,0.05641439,False,-5.432039,0.12,False,Fan,654.12,642.1987,False,-2.921794
77,8,Zhao,1,0,3,662.340,-5.932702,-0.5957648,-3.904015,-8.21558,-2.507374,-0.1852156,False,-5.651219,0.12,False,Zhao,660.8,642.1987,False,-3.904015
78,8,Zhao,1,0,4,674.260,-6.368958,-1.438795,-22.44,0.004000053,-0.8582859,0.08441656,False,-5.651219,0.12,False,Zhao,674.04,642.1987,False,-22.44
79,8,Fan,-1,1,4,689.920,5.905603,0.08392222,1.994141,1.091718,3.951062,0.003779322,False,5.651219,2.4,True,Zhao,689.2,688.496,True,2.016962
80,8,Fan,-1,2,4,705.980,6.106988,1.106063,11.115,-5.642002,2.455619,0.2521203,False,5.651219,2.4,True,Fan,705.16,705.2,False,11.115
81,8,Zhao,1,2,5,711.860,-5.959622,-0.855707,-4.41733,-2.13395,-1.878873,0.03977784,False,-5.651219,0.12,False,Fan,710.58,705.2,False,-4.363528
82,9,Fan,-1,1,0,725.600,5.941094,2.004403,4.151783,-0.2332876,5.621594,-0.9668573,False,5.651219,2.4,True,Zhao,725.16,724.4337,True,4.151783
83,9,Zhao,1,1,1,740.580,-5.823944,-0.2514571,-0.9029089,1.13373,-5.310102,-0.01452031,False,-5.147173,0.12,False,Fan,740.56,724.4337,False,-0.9029089
84,9,Zhao,1,1,2,749.260,-5.921136,0.8092556,-4.916222,-7.961397,-0.6634154,-0.03231153,False,-5.651219,0.12,False,Zhao,747.64,743.7538,False,-4.916222
85,9,Fan,-1,2,2,762.240,5.983954,-1.546504,6.741953,0,5.617687,1.755144,False,5.601219,0.12,True,Fan,762.14,761.3524,False,7.237799
86,9,Zhao,1,2,3,773.480,-5.900389,-1.511178,-3.48716,-0.8821833,-3.129538,-0.3779761,False,-5.651219,0.12,False,Fan,773.36,761.3524,False,-3.48716
87,9,Fan,-1,3,3,785.380,6.028815,1.326873,6.891995,-4.263059,6.105781,-0.07097316,True,5.651219,2.4,False,Fan,785.32,781.78,False,6.891995
88,9,Fan,-1,4,3,791.060,6.020429,2.05877,-5.043736,-5.426802,5.947249,-0.1599029,True,5.651219,0.08,False,Fan,790.78,785.4,False,11.115
89,9,Fan,-1,5,3,810.780,6.102941,-1.5465,6.577442,0,3.302961,0.02257484,False,3.041713,0.12,True,Fan,809.8,810.1118,False,9.580787
90,10,Zhao,1,0,1,823.140,-5.934348,1.745554,-5.762076,-4.515981,-2.597815,1.359897,True,-5.651219,2.4,False,Zhao,822.28,815.5717,False,-6.402307
91,10,Zhao,1,0,2,841.300,-5.831771,1.198199,-1.226723,0.9155376,0.5410307,0.08318067,True,-5.651219,2.4,False,Zhao,839.42,815.5717,False,-5.911072
92,10,Zhao,1,0,3,849.340,-5.854311,-1.5465,-2.361651,0,-2.689777,0.04495738,False,-5.53771,0.12,False,Fan,848.36,815.5717,False,-2.400105
93,10,Zhao,1,0,4,858.740,-6.081716,-1.359666,-8.542116,-9.736465,4.430291,-0.06466171,False,-5.651219,0.12,False,Fan,857.16,852.64,False,11.115
94,10,Zhao,1,0,5,865.240,-6.228715,0.06396058,-13.67603,2.544469,-1.050324,-0.8335677,False,-5.651219,0.12,False,Zhao,864.92,852.64,False,-13.67603
95,10,Fan,-1,1,5,874.720,5.850525,1.013823,0.2639337,-10.21464,4.379627,-0.6725169,False,5.547337,2.4,True,Fan,873.94,874.1563,False,11.115
96,10,Fan,-1,2,5,879.140,6.085269,1.871086,7.966419,-5.633811,5.641857,1.358905,False,5.651219,2.4,True,Zhao,879.08,878.2923,True,7.966419
97,10,Zhao,1,2,6,888.080,-5.930208,1.098536,-4.287621,-1.204299,1.456178,0.1206885,True,-5.651219,2.4,False,Zhao,886.2,884.34,False,4.754124
98,10,Zhao,1,2,7,898.360,-6.19717,-0.7875922,-10.7092,-11.76696,-4.916027,-0.01031474,False,-5.651219,0.12,False,Zhao,898.3,884.34,False,-10.7092
99,11,Fan,-1,1,0,910.640,5.949647,0.5142837,4.123403,-1.271727,5.079998,-0.5089571,False,5.651219,2.4,True,Zhao,910.04,909.2722,True,4.123403
100,11,Zhao,1,1,1,917.540,-5.913115,-0.939742,-4.733656,-4.999732,-1.323874,-0.03384462,False,-5.651219,0.12,False,Fan,916.54,909.2722,False,-4.733656
