goal,match,scorer,zhao_reward,fan_score,zhao_score,time,ball_x,ball_y,ball_vx,ball_vy,zhao_x,zhao_y,high_plan,target_x,eta,rescue
1,1,Fan,-1,1,0,8.560,5.967834,-0.9406676,3.365445,-1.968137,4.070385,-0.08186442,False,-1.75842,0.06,True
2,1,Zhao,1,1,1,18.300,-5.932591,-1.549069,-4.661539,3.539026E-08,-4.807439,-0.03178386,False,-1.75842,0.06,False
3,1,Zhao,1,1,2,26.340,-5.918111,0.9012285,-3.466955,1.544031,-4.086031,1.130926,False,1.115749,0.14,False
4,1,Zhao,1,1,3,30.500,-5.954839,-0.467801,-6.567719,-8.198579,-3.003438,0.866372,False,1.283768,0.18,False
5,1,Zhao,1,1,4,34.600,-5.9731,-0.6269176,-8.360376,-8.408146,-1.790581,1.347234,False,5.701219,1.6,False
6,1,Zhao,1,1,5,38.700,-5.969488,-0.6043535,-6.563131,-6.913273,-3.419075,0.851069,False,1.091552,0.14,False
7,1,Zhao,1,1,6,43.440,-5.933457,0.2863314,-6.236812,2.102938,-3.986086,-0.06104029,False,-3.302142,1.6,False
8,1,Zhao,1,1,7,47.820,-5.965157,-0.8051926,-5.869995,-8.660938,-2.492102,0.7606473,False,-5.428947,1.6,False
9,1,Zhao,1,1,8,56.140,-5.876551,1.391637,-4.033967,-3.735483,-5.296952,0.9125674,False,-5.651219,1.6,False
10,1,Fan,-1,2,8,65.580,6.12885,0.8123203,11.115,-5.258003,1.558535,-1.102582,True,5.701219,1.6,False
11,1,Fan,-1,3,8,73.700,5.932423,-1.541956,3.191836,0,5.239237,0.3215953,False,0.32996,0.18,True
12,1,Fan,-1,4,8,77.400,6.000761,-0.566139,7.310081,-0.8696763,3.512666,-0.01180904,False,3.868042,0.06,True
13,1,Zhao,1,4,9,82.540,-5.907475,0.6701339,-3.310253,-1.024566,-4.191696,-0.06467975,False,-2.532315,1.6,False
14,1,Zhao,1,4,10,87.860,-5.863506,-0.8518552,-3.212694,-2.733956,-4.95931,1.547462,False,5.701219,1.6,False
15,2,Zhao,1,0,1,95.180,-5.806597,-1.550153,-0.3891262,0,-4.473401,0.3463475,False,0,0,False
16,2,Zhao,1,0,2,105.120,-5.863589,1.421347,-3.257777,-4.432135,-4.944948,-0.02144403,True,-5.651219,1.6,False
17,2,Zhao,1,0,3,110.020,-5.852752,1.005612,-2.056823,0.9801099,-2.125526,-0.06570874,True,-5.513928,1.6,False
18,2,Zhao,1,0,4,113.800,-6.045907,-1.045658,-8.330833,-7.727865,-1.668571,0.3024165,False,0.7855591,0.06,False
19,2,Zhao,1,0,5,117.920,-6.05681,-1.064133,-7.44486,-8.558382,-2.166744,1.199251,False,0.7706009,0.18,False
20,2,Zhao,1,0,6,122.360,-5.919673,-0.6609835,-3.861772,6.580338,-4.327997,0.8718234,False,5.701219,1.6,False
21,2,Zhao,1,0,7,126.400,-6.005306,1.242447,-8.219543,-5.510183,-3.564717,1.289915,False,0.9752529,0.18,False
22,2,Zhao,1,0,8,130.540,-5.922485,0.4180665,-5.92854,-6.324332,-3.425874,1.110764,False,-5.110069,1.6,False
23,2,Zhao,1,0,9,134.360,-5.973939,-0.1058531,-7.712999,-6.550216,-1.450364,-0.1613691,False,-5.559715,1.6,False
24,2,Zhao,1,0,10,138.440,-6.043856,1.926414,-6.444,-4.031276,-0.867884,-0.2137837,True,-5.651219,1.6,False
25,2,Zhao,1,0,11,143.240,-5.918457,-0.7024312,-5.617255,5.741554,-3.326287,1.621813,False,5.701219,1.6,False
26,2,Zhao,1,0,12,147.680,-5.856315,-0.5133172,-2.774847,4.720743,-4.207369,0.062571,False,-4.276858,1.6,False
27,2,Zhao,1,0,13,151.500,-6.010827,-0.8738919,-6.142993,5.602965,-3.158925,1.331782,False,0.9391504,0.14,False
28,2,Zhao,1,0,14,155.240,-6.126733,-1.518781,-8.598783,-8.483217,-2.299507,0.7381038,False,0.9020941,0.09999999,False
29,2,Fan,-1,1,14,162.680,5.910878,1.778685,1.753971,-6.796341,5.598127,-0.995037,True,5.701219,1.6,False
30,2,Fan,-1,2,14,167.320,6.219718,-1.446994,12.29959,-2.54848,5.31866,1.418107,False,-4.195038,1.6,True
31,2,Zhao,1,2,15,174.860,-5.965171,-1.425682,-7.253017,1.218254,-4.027708,-0.09617479,False,3.570777,1.6,False
32,2,Zhao,1,2,16,180.360,-5.819682,-0.9529717,-1.126712,0.7225155,-4.076321,-0.4093299,False,-3.302398,1.6,False
33,3,Fan,-1,1,0,188.980,5.979043,-1.541691,3.977032,0,3.828778,0.01064541,False,0,0,False
34,3,Zhao,1,1,1,193.820,-6.009915,-1.054768,-6.79257,4.988913,-3.19909,-0.279722,False,-3.592517,1.6,False
35,3,Zhao,1,1,2,198.340,-5.946275,-1.161293,-4.743584,-9.411455,-3.574421,0.3529749,False,-5.651219,1.6,False
36,3,Zhao,1,1,3,202.800,-5.94983,-1.258674,-6.096991,5.714375,-2.738107,0.7167528,False,5.701219,1.6,False
37,3,Zhao,1,1,4,208.180,-5.862425,-1.269873,-2.740757,7.360287,-4.18052,1.539611,False,-3.148459,0.06,False
38,3,Zhao,1,1,5,216.600,-5.933886,-1.140964,-3.716033,4.027476,-3.475319,-0.06506284,False,5.129984,0.06,False
39,3,Zhao,1,1,6,220.820,-6.021402,1.042912,-5.909197,-6.627814,-3.022593,0.8946657,False,-5.651219,1.6,False
40,3,Zhao,1,1,7,227.060,-5.886799,-0.0571361,-2.990945,-8.892077,-2.909572,-0.1301839,False,-5.449454,1.6,False
41,3,Zhao,1,1,8,231.680,-5.890015,0.06639887,-4.665162,4.351554,-4.081837,0.9675362,False,1.010594,0.18,False
42,3,Zhao,1,1,9,235.420,-6.167524,-1.476989,-9.873878,-0.584,-2.002695,1.169388,False,1.158407,0.14,False
43,3,Zhao,1,1,10,240.000,-6.093016,-0.935156,-8.171921,-5.17995,-3.330096,-0.2643279,False,-3.935158,1.6,False
44,3,Zhao,1,1,11,244.980,-5.898547,0.2445015,-3.844492,-9.411338,-2.111396,1.668826,False,-5.651219,1.6,False
45,3,Zhao,1,1,12,249.060,-5.975127,2.002179,-2.043993,-6.766084,-4.147636,1.73687,False,-5.330417,1.6,False
46,3,Zhao,1,1,13,252.700,-6.105122,0.8876227,-9.924166,-4.811211,-1.266073,1.11889,False,0.9716266,0.18,False
47,3,Zhao,1,1,14,257.100,-6.186687,0.8966894,-11.85089,5.558091,-4.394076,0.9889228,True,-5.651219,1.6,False
48,3,Fan,-1,2,14,264.260,6.160282,-1.11186,11.115,-7.994003,0.8898255,-0.5168026,False,4.828109,1.6,False
49,3,Zhao,1,2,15,267.940,-6.016765,1.551183,-8.955673,-3.971414,-0.450312,1.765889,False,-5.651219,1.6,False
50,4,Zhao,1,0,1,275.480,-5.837983,-1.545928,-1.273173,-3.479499E-09,-4.622443,-0.004588395,False,0,0,False
51,4,Zhao,1,0,2,280.440,-5.869755,-0.8045111,-3.413068,5.734721,-3.679584,1.343181,False,1.350942,0.22,False
52,4,Fan,-1,1,2,290.460,6.250425,0.8496369,11.115,-0.3500004,4.862645,-0.234605,True,5.701219,1.6,False
53,4,Zhao,1,1,3,294.460,-6.104332,-0.005171124,-11.26892,-1.377666,-1.396683,-0.3688332,False,3.618483,1.6,False
54,4,Fan,-1,2,3,306.100,6.115063,-1.324542,7.853232,0.9844465,4.379783,-0.09856008,False,1.823022,1.6,True
55,4,Fan,-1,3,3,312.540,6.164625,-1.546477,9.678612,0,5.029244,0.1398806,False,3.886305,0.06,True
56,4,Fan,-1,4,3,316.680,5.931637,-1.087813,2.894481,-4.021972,3.78428,1.337008,False,3.886305,0.06,True
57,4,Fan,-1,5,3,322.780,6.007113,0.09085023,4.654494,0.4844246,4.185288,-0.3089636,False,1.55478,0.06,True
58,4,Fan,-1,6,3,338.800,5.95197,-1.533477,3.900867,-0.647836,5.98084,-0.1730802,False,-0.4485652,1.6,False
59,4,Fan,-1,7,3,344.460,6.042759,-1.5465,5.410655,0,4.980781,1.743784,False,-0.4485652,1.6,True
60,4,Fan,-1,8,3,348.220,6.084807,-1.434353,6.237428,-4.897073,5.727834,0.555351,False,4.131746,0.06,False
61,4,Fan,-1,9,3,351.580,6.143238,-0.8878707,9.975855,0.1557243,3.135894,-0.4846996,False,3.735094,0.06,True
62,4,Zhao,1,9,4,356.340,-5.906879,-1.231408,-3.087636,5.933222,-2.410761,0.7735686,False,3.985269,0.06,False
63,5,Fan,-1,1,0,366.000,6.22536,-0.5924677,15.24205,3.23559,4.464067,2.863708,False,0,0,True
64,5,Fan,-1,2,0,369.140,6.32972,-1.416611,16.245,0.004000008,3.348864,0.7815598,False,4.084807,0.06,True
65,5,Zhao,1,2,1,373.660,-6.023598,-0.4066753,-6.495947,-1.907833,-4.059108,-0.1171734,False,3.555477,0.06,False
66,5,Fan,-1,3,1,392.600,5.851551,0.6453932,0.3346378,-0.230479,6.254389,0.0439999,False,0.8925663,0.18,False
67,5,Fan,-1,4,1,399.040,6.106972,1.92121,-2.259518,-8.059301,4.638624,0.2074684,True,5.701219,1.6,False
68,5,Zhao,1,4,2,404.720,-6.082654,-1.491878,-10.49278,-1.460561,-5.661343,0.03717164,False,4.075755,0.06,False
69,5,Fan,-1,5,2,412.320,6.120547,1.278037,11.115,-4.466002,1.221172,-1.244223,True,5.701219,1.6,False
70,5,Fan,-1,6,2,425.520,5.955616,-1.5465,4.216335,0,3.616801,0.753282,False,-1.407811,1.6,True
71,5,Fan,-1,7,2,429.980,5.902969,-1.506813,2.147539,0.9830205,3.5596,0.05094473,False,4.009115,0.06,True
72,5,Fan,-1,8,2,436.740,6.128694,-0.2380236,7.183816,-1.783125,4.264139,0.3191888,False,5.701219,0.09999999,True
73,5,Fan,-1,9,2,443.060,6.150332,1.88481,13.15719,-1.33,3.737444,0.1635178,True,5.701219,1.6,False
74,6,Zhao,1,0,1,456.180,-5.825706,-1.535654,-1.338348,0.4267567,-4.066343,-0.1684819,False,0,0,False
75,6,Fan,-1,1,1,462.300,5.971227,-1.545292,4.952911,0,3.617193,-0.02481706,False,1.41179,0.18,True
76,6,Fan,-1,2,1,466.040,5.979808,-0.5132914,5.817853,1.362926,3.549986,0.03227984,False,1.41179,0.18,True
77,6,Fan,-1,3,1,470.600,6.008421,-1.5465,7.677513,0,4.416336,0.0624004,False,3.830771,0.06,True
78,6,Fan,-1,4,1,476.700,5.926254,-1.5465,3.792066,0,5.646525,0.9677331,False,3.899745,0.06,False
79,6,Fan,-1,5,1,485.520,6.128167,-1.5465,7.94415,0,4.430004,3.158544,False,3.668015,1.6,True
80,6,Zhao,1,5,2,490.400,-5.93369,-0.7608551,-4.488059,4.465091,-2.865176,-0.06737734,False,-2.423107,1.6,False
81,6,Zhao,1,5,3,495.180,-5.94895,0.5204513,-5.380286,-3.499862,-4.358733,-0.2123227,False,-5.651219,1.6,False
82,6,Zhao,1,5,4,499.600,-5.987938,-0.5371174,-5.840969,2.348707,-3.600108,1.065631,False,1.34312,0.22,False
83,6,Zhao,1,5,5,505.360,-6.008787,-1.54635,-6.021962,0,-4.171477,0.518576,False,1.127536,0.14,False
84,6,Zhao,1,5,6,510.260,-5.937618,1.961175,-3.956675,-4.025673,-4.891582,1.515276,False,-4.914984,0.06,False
85,6,Zhao,1,5,7,515.760,-5.873931,-1.523342,-2.135344,-6.827776,-4.364456,1.521295,False,1.041323,0.18,False
86,6,Zhao,1,5,8,520.600,-5.922604,-0.3248106,-4.215624,2.627381,-3.820529,1.97373,False,1.172362,0.18,False
87,6,Zhao,1,5,9,531.980,-6.024445,-0.7087358,-7.2697,-5.715997,-3.227656,-0.1111484,False,-5.651219,1.6,False
88,6,Zhao,1,5,10,537.080,-5.884811,1.142142,-2.433792,-0.9593583,-4.103128,0.9990015,False,5.701219,1.6,False
89,6,Zhao,1,5,11,541.580,-5.996909,-1.532326,-7.738122,-6.842865,-3.676923,1.393001,False,0.7206317,0.14,False
90,7,Zhao,1,0,1,550.980,-5.910742,-1.546479,-2.707832,-4.656613E-09,-4.191221,-0.01669482,False,0,0,False
91,7,Fan,-1,1,1,623.140,5.849452,0.5806963,0.2142563,0.01131202,6.288268,0.02548113,False,-1.175104,0.3,False
92,7,Fan,-1,2,1,626.320,6.080645,-1.431795,10.42484,0.004000008,4.459374,0.8111846,False,3.974078,0.06,True
93,8,Fan,-1,1,0,642.140,6.166905,-1.5465,9.261569,0,5.455732,0.174615,False,0,0,False
94,8,Zhao,1,1,1,652.740,-5.90928,0.6452006,-3.291243,-0.137716,-2.250564,0.04866989,False,-3.574684,1.6,False
95,8,Zhao,1,1,2,657.740,-5.956447,0.05465461,-5.43464,-6.928195,-1.681295,0.1188416,False,-5.651219,1.6,False
96,8,Zhao,1,1,3,662.440,-5.992956,-0.3233778,-6.779111,2.253759,-4.183824,-0.02151661,False,-3.786425,1.6,False
97,8,Zhao,1,1,4,671.940,-6.005899,-1.372734,-5.604984,6.051886,-3.558531,1.537063,False,-5.207548,1.6,False
98,8,Zhao,1,1,5,676.620,-6.020409,-0.3714325,-6.332099,1.044761,-3.719349,-0.02472181,False,0.9813264,0.18,False
99,8,Zhao,1,1,6,681.540,-5.971135,-0.9159336,-5.162132,-8.532672,-3.265842,1.662374,False,-5.568227,1.6,False
100,8,Zhao,1,1,7,685.840,-5.988217,2.048448,-2.126652,-5.916925,-1.866364,1.464549,False,-5.651219,1.6,False
101,8,Fan,-1,2,7,692.960,6.13403,-0.03638923,8.701152,0.9101827,5.192287,-0.9816088,True,5.701219,1.6,True
102,8,Fan,-1,3,7,700.440,5.900899,-1.5465,1.939434,0,3.569196,-0.07958167,False,5.701219,1.6,True
103,8,Fan,-1,4,7,704.680,5.926526,-1.076123,3.506234,-4.669531,4.184571,0.3006227,False,5.701219,1.6,True
104,8,Zhao,1,4,8,713.880,-5.904309,-1.487648,2.386924,1.135345,-5.006075,-0.08626896,False,4.062191,0.06,False
105,8,Zhao,1,4,9,718.800,-6.207069,-0.5340304,-11.37422,4.124322,-3.493251,-0.08072118,False,-3.558786,1.6,False
106,9,Zhao,1,0,1,727.280,-5.891749,-1.5465,-4.533949,0,-3.169683,0.1732619,False,0,0,False
107,9,Zhao,1,0,2,732.100,-5.995991,0.185617,-7.01416,0.7482553,-3.997073,-0.107538,False,1.017627,0.18,False
108,9,Zhao,1,0,3,741.100,-6.006246,0.1517881,-5.594666,-0.1498763,-4.682517,1.496519,False,4.090512,0.06,False
109,9,Zhao,1,0,4,746.160,-5.993498,1.2808,-5.866857,-0.3190725,-4.219869,1.784569,False,1.222989,0.18,False
110,9,Zhao,1,0,5,750.720,-5.963455,1.47715,-5.958069,-3.311861,-4.028158,1.051465,False,-5.107487,1.6,False
111,9,Zhao,1,0,6,755.340,-6.053152,-0.2214491,-11.49009,0.1212196,-3.497954,0.8868183,False,5.701219,1.6,False
112,9,Zhao,1,0,7,760.020,-5.912787,-1.20276,-3.010612,7.475071,-4.33613,1.088976,False,-5.651219,1.6,False
113,9,Zhao,1,0,8,770.860,-5.917791,-0.8145779,-4.153687,-1.148762,-4.186451,0.007375192,False,1.192535,0.18,False
114,9,Zhao,1,0,9,775.080,-5.937333,-1.30084,-6.896458,-8.917575,-2.700699,1.367491,False,5.701219,1.6,False
115,9,Zhao,1,0,10,780.000,-5.877681,0.4828666,-2.3585,3.377597,-3.618185,-0.1001084,True,-5.651219,1.6,False
116,9,Fan,-1,1,10,784.480,6.270798,0.9107469,11.115,-4.270001,3.172066,-1.213482,True,5.701219,1.6,False
117,9,Fan,-1,2,10,796.060,6.021208,-1.546099,5.2186,0,3.775698,0.03888105,False,3.912534,0.06,True
118,9,Fan,-1,3,10,799.340,6.098367,-0.9463301,9.211459,0.2917629,3.140743,-0.1210056,False,3.881558,0.06,True
119,9,Zhao,1,3,11,803.080,-6.206999,-0.5248014,-10.65503,-6.007964,0.3929474,0.1469062,False,4.132821,0.06,False
120,9,Zhao,1,3,12,807.880,-5.948388,-0.9809843,-11.23243,-0.1003582,-3.129367,0.09877182,False,-2.720692,1.6,False
121,9,Zhao,1,3,13,812.160,-5.939952,-1.480186,-4.08079,7.501089,-3.344048,1.203181,False,1.276359,0.18,False
122,10,Fan,-1,1,0,816.320,6.046445,-1.544083,6.420349,0,4.160539,1.664368,False,0,0,True
123,10,Zhao,1,1,1,824.280,-5.863787,-1.54657,-3.419858,0,-4.446172,0.264493,False,3.753471,0.06,False
124,10,Zhao,1,1,2,828.660,-5.985223,-1.167552,-5.738438,-8.774848,-2.252214,-0.3854794,False,-5.165381,1.6,False
125,10,Zhao,1,1,3,833.100,-5.90464,-1.367912,-3.319673,5.277481,-3.701928,-0.1578347,False,-5.507968,1.6,False
126,10,Zhao,1,1,4,837.420,-5.888516,0.01622558,-4.030758,4.628382,-2.960224,1.302513,False,1.103561,0.18,False
127,10,Zhao,1,1,5,841.620,-5.860526,-0.9629962,-2.670675,6.212576,-2.335623,-0.06215094,False,-4.286051,1.6,False
128,10,Zhao,1,1,6,846.340,-5.885819,0.3275285,-2.998797,4.395679,-4.440657,1.096648,False,1.200571,0.22,False
129,10,Zhao,1,1,7,850.580,-5.949374,-0.8990486,-7.191958,-8.421741,-1.6261,1.292652,False,-5.026206,1.6,False
130,10,Fan,-1,2,7,854.600,6.207407,1.891025,-1.517109,-7.290979,3.788792,-1.010704,True,5.701219,1.6,False
131,10,Fan,-1,3,7,861.360,6.079487,1.102674,7.489583,-5.654029,5.906756,0.1751173,True,5.701219,1.6,False
132,10,Zhao,1,3,8,864.740,-6.183782,1.214942,-14.10503,-2.661026,0.3482824,-0.1154857,True,-5.651219,1.6,False
133,10,Fan,-1,4,8,870.320,5.974711,1.637304,3.436548,-2.544912,6.153371,0.1926215,True,5.701219,1.6,False
134,10,Zhao,1,4,9,877.180,-6.14573,-1.172413,-9.067253,-5.265851,-3.12811,-0.212699,False,-1.118465,1.6,False
135,10,Zhao,1,4,10,881.980,-5.913724,0.5970459,-3.529882,2.02837,-4.375854,1.676252,False,5.701219,1.6,False
136,10,Zhao,1,4,11,891.620,-5.951026,-1.320589,-4.261238,5.192218,-1.548867,-0.4081479,False,-4.715891,1.6,False
137,10,Fan,-1,5,11,896.060,6.25508,1.833165,11.115,-4.466002,3.051057,0.03972268,True,5.701219,1.6,True
138,10,Zhao,1,5,12,900.320,-5.912376,-0.09584565,-4.983835,-1.948955,-3.989452,2.976192,False,3.640406,0.06,False
139,11,Zhao,1,0,1,905.580,-5.919044,-1.518239,-4.382114,-0.5812417,-4.532411,-0.0302523,False,0,0,False
140,11,Fan,-1,1,1,916.840,5.897815,1.553182,1.902316,-4.37412,6.646481,-0.198071,True,5.701219,1.6,False
141,11,Fan,-1,2,1,920.360,6.119679,1.447646,10.78872,3.726885,3.11075,1.377412,False,5.701219,1.6,True
142,11,Zhao,1,2,2,928.140,-6.058071,-0.3917338,-8.597528,-3.279244,-3.946683,0.01812448,False,0.4123459,1.6,False
143,11,Zhao,1,2,3,933.060,-5.89342,-0.5204607,-3.963871,-8.000298,-2.834399,-0.1788384,False,-5.554867,1.6,False
144,11,Zhao,1,2,4,938.780,-5.863664,1.655565,-2.760923,1.577988,-3.525363,0.5511903,True,-5.651219,1.6,False
145,11,Zhao,1,2,5,943.980,-5.973608,-1.332324,-5.642903,1.679946,-5.427939,0.7770385,False,1.345214,0.22,False
146,11,Zhao,1,2,6,948.800,-5.911732,0.2201535,-3.908134,-0.5842412,-2.484993,0.1243713,False,1.422233,0.18,False
147,11,Fan,-1,3,6,958.120,5.924258,-1.5465,3.465996,0,3.637427,0.05005091,False,1.350392,0.18,True
148,11,Fan,-1,4,6,961.700,6.135512,1.553662,11.115,0.3008219,3.295983,-0.3718882,True,5.701219,1.6,False
149,11,Fan,-1,5,6,966.040,6.17287,0.3443414,11.115,-2.112087,3.510998,-0.8071852,True,5.701219,1.6,False
150,11,Zhao,1,5,7,970.360,-5.935086,-0.1490299,-4.440478,0.5060329,-1.319692,0.03644641,False,5.701219,1.6,False
151,11,Zhao,1,5,8,975.660,-6.038979,-0.3276665,-6.599873,0.3739954,-3.625113,-0.02875964,False,1.11757,0.09999999,False
152,11,Zhao,1,5,9,980.400,-6.030303,-0.9597149,-9.896995,-1.245623,-3.883816,0.05557379,False,-3.673941,1.6,False
153,11,Zhao,1,5,10,991.340,-5.930394,1.912489,-4.946411,-5.052495,-4.376047,-0.1958026,True,-5.651219,1.6,False
154,12,Zhao,1,0,1,1005.580,-6.191438,0.9400919,-11.34911,-2.730666,-2.490816,0.9882723,False,5.701219,1.6,False
155,12,Zhao,1,0,2,1009.740,-6.003077,-0.2898124,-6.568159,-7.526748,-1.828354,0.08541421,False,-5.651219,1.6,False
156,12,Fan,-1,1,2,1014.340,6.17661,1.91231,11.115,-2.31,3.438352,2.524751,False,5.701219,1.6,False
157,12,Zhao,1,1,3,1019.280,-6.179477,-0.5557624,-10.57628,-2.477798,-4.48114,1.166305,False,5.701219,1.6,False
158,12,Zhao,1,1,4,1024.400,-5.908755,-0.7454544,-4.773419,-7.418194,-4.005121,-0.6382793,False,-5.651219,1.6,False
159,12,Zhao,1,1,5,1029.380,-5.88459,0.6729946,-3.112111,3.108168,-3.445294,-0.07271682,True,-5.651219,1.6,False
160,12,Fan,-1,2,5,1033.960,6.09374,0.9261022,11.115,-2.898,2.854585,-1.247747,True,5.701219,1.6,False
161,12,Zhao,1,2,6,1038.880,-5.917336,-0.4195178,-5.263775,3.929457,-3.13554,0.09276623,False,-2.294331,1.6,False
162,12,Zhao,1,2,7,1043.720,-5.859632,-0.7977825,-2.993219,6.764174,-3.29374,-0.1629586,False,-5.011003,1.6,False
163,12,Zhao,1,2,8,1048.180,-5.961127,-1.483509,-5.740754,5.750084,-3.71118,0.969313,False,5.701219,1.6,False
164,12,Zhao,1,2,9,1052.680,-6.038849,0.07107481,-7.002933,0.4928684,-4.145013,-0.001975603,False,1.176619,0.09999999,False
165,12,Zhao,1,2,10,1057.360,-5.889379,0.4730051,-4.303132,-1.134158,-4.383288,1.619856,False,0.983134,0.09999999,False
166,12,Zhao,1,2,11,1061.840,-6.026835,0.02633762,-6.505559,-5.532152,-4.43748,0.6143581,False,1.358018,0.22,False
167,12,Fan,-1,3,11,1070.880,5.960001,1.275641,3.429506,0.4547806,5.098259,-0.3917083,True,5.701219,1.6,True
168,12,Fan,-1,4,11,1075.040,6.055423,-1.490237,5.583285,-1.206593,4.906466,1.457132,False,5.701219,1.6,True
169,12,Zhao,1,4,12,1082.240,-5.909132,-1.23939,-4.650234,-1.122655,-2.098524,-0.02360449,False,2.624397,1.6,False
170,13,Zhao,1,0,1,1094.600,-5.955866,-1.19374,-4.429981,-3.911852,-4.499242,1.753431,False,5.701219,1.6,False
171,13,Fan,-1,1,1,1104.680,5.952294,2.038398,-4.654574,-10.44755,1.892329,-0.06057316,True,5.379934,1.6,True
172,13,Zhao,1,1,2,1112.100,-5.999424,-0.2935432,-5.863861,-5.291351,-3.752805,-0.07884564,False,-5.534183,1.6,False
173,13,Zhao,1,1,3,1120.120,-5.93302,1.689153,-5.01997,0.4791498,-4.257067,-0.3532189,True,-5.651219,1.6,False
174,13,Zhao,1,1,4,1125.860,-5.834573,2.207637,-1.379074,1.739778,-4.317349,1.796895,False,-5.651219,1.6,False
175,13,Zhao,1,1,5,1130.300,-5.947725,-0.6380402,-5.283751,-7.700633,-1.915005,-0.0931377,False,-5.402152,1.6,False
176,13,Zhao,1,1,6,1140.620,-5.841788,1.144372,-2.399656,-4.801053,-4.391802,0.474584,False,-2.347339,1.6,False
177,13,Zhao,1,1,7,1144.900,-5.969335,1.209076,-5.391895,-5.869338,-3.308914,1.434295,False,-5.53797,1.6,False
178,13,Zhao,1,1,8,1149.460,-5.866316,0.8650793,-3.451133,2.080382,-4.303864,1.241929,False,5.701219,1.6,False
179,13,Zhao,1,1,9,1157.700,-6.00273,1.547315,-7.306343,-4.521543,-0.6222503,1.201696,False,-5.651219,1.6,False
180,13,Zhao,1,1,10,1162.400,-5.895207,0.08952238,-2.665259,3.835179,-4.160233,1.444711,False,1.172049,0.14,False
181,13,Zhao,1,1,11,1168.060,-5.973884,0.1841075,-4.630702,-6.14314,-4.414215,1.283007,False,-5.619273,1.6,False
182,14,Fan,-1,1,0,1178.700,6.202673,-1.322569,9.456047,0.4678097,3.078353,-0.4843017,False,0,0,True
183,14,Fan,-1,2,0,1182.180,6.474705,-0.5531828,17.28391,0.8946333,2.154047,0.3496531,False,0,0,True
184,14,Fan,-1,3,0,1188.880,5.968517,-1.5465,4.780194,0,5.435457,2.962482,False,0,0,True
185,14,Fan,-1,4,0,1196.740,5.99019,1.71103,6.907665,5.971962,5.619426,0.6568563,True,5.701219,1.6,False
186,14,Zhao,1,4,1,1202.140,-6.024919,0.1769838,-7.2,-7.892006,0.3352031,-0.1044394,False,-5.647251,1.6,False
187,14,Zhao,1,4,2,1206.400,-5.966569,0.766323,-5.557368,-5.854853,-2.150201,1.433305,False,-5.651219,1.6,False
188,14,Fan,-1,5,2,1214.380,5.940661,2.222364,-4.237039,-2.274958,5.887073,1.02102,True,5.701219,0.06,False
189,14,Fan,-1,6,2,1221.360,5.900879,-1.5465,1.744294,0,4.158001,-0.3759152,False,3.819757,0.06,False
190,14,Zhao,1,6,3,1230.460,-5.912602,-1.042629,-3.635011,8.502861,1.502002,-0.03672249,False,-4.521143,1.6,False
191,14,Zhao,1,6,4,1235.420,-5.851538,-1.348907,-2.454008,8.076247,-0.7372695,-0.1652432,False,-4.776137,1.6,False
192,14,Zhao,1,6,5,1240.600,-6.018257,-0.9086354,-5.954811,-6.091015,-3.414656,2.550993,False,-0.9778854,0.06,False
193,14,Fan,-1,7,5,1244.520,6.137376,-1.488662,10.67846,1.269052,5.384322,0.03669021,False,1.073471,0.18,False
194,14,Zhao,1,7,6,1251.940,-5.988479,0.3733801,-9.206511,-5.669981,-0.8578023,0.8058421,False,4.480359,0.06,False
195,14,Zhao,1,7,7,1262.680,-5.988453,-1.061889,-4.909583,0.6563591,-4.008783,1.631835,False,1.166877,0.22,False
196,15,Fan,-1,1,0,1272.260,6.109116,-0.6237661,8.797258,-7.16209,3.110445,-0.9989545,False,5.701219,1.6,False
197,15,Fan,-1,2,0,1275.800,6.071278,-1.351925,7.430935,2.983705,2.415384,0.8922691,False,5.701219,1.6,True
198,15,Zhao,1,2,1,1280.620,-5.964143,-0.6952937,-4.517437,5.035589,-1.452252,0.6454016,False,5.701219,1.6,False
199,15,Fan,-1,3,1,1286.440,6.104195,1.788091,11.115,-5.054001,-0.1376397,-1.255873,True,5.701219,1.6,False
200,15,Fan,-1,4,1,1291.120,5.915681,-1.233912,2.992546,-4.320457,3.593741,0.8105907,False,5.701219,1.6,True
