"metric","samples","mean_ms","phase","edition","scenario"
"cpu","0","unavailable","baseline","original","r0-style0-mode0"
"gpu","0","unavailable","baseline","original","r0-style0-mode0"
"physics","0","unavailable","baseline","original","r0-style0-mode0"
"cpu","0","unavailable","baseline","original","r0-style0-mode1"
"gpu","0","unavailable","baseline","original","r0-style0-mode1"
"physics","0","unavailable","baseline","original","r0-style0-mode1"
"cpu","0","unavailable","baseline","original","r0-style0-mode2"
"gpu","0","unavailable","baseline","original","r0-style0-mode2"
"physics","0","unavailable","baseline","original","r0-style0-mode2"
"cpu","0","unavailable","baseline","original","r0-style1-mode0"
"gpu","0","unavailable","baseline","original","r0-style1-mode0"
"physics","0","unavailable","baseline","original","r0-style1-mode0"
"cpu","0","unavailable","baseline","original","r0-style1-mode1"
"gpu","0","unavailable","baseline","original","r0-style1-mode1"
"physics","0","unavailable","baseline","original","r0-style1-mode1"
"cpu","0","unavailable","baseline","original","r0-style1-mode2"
"gpu","0","unavailable","baseline","original","r0-style1-mode2"
"physics","0","unavailable","baseline","original","r0-style1-mode2"
"cpu","0","unavailable","baseline","experiment","r0-style0-mode0"
"gpu","0","unavailable","baseline","experiment","r0-style0-mode0"
"physics","0","unavailable","baseline","experiment","r0-style0-mode0"
"cpu","0","unavailable","baseline","experiment","r0-style0-mode1"
"gpu","0","unavailable","baseline","experiment","r0-style0-mode1"
"physics","0","unavailable","baseline","experiment","r0-style0-mode1"
"cpu","0","unavailable","baseline","experiment","r0-style0-mode2"
"gpu","0","unavailable","baseline","experiment","r0-style0-mode2"
"physics","0","unavailable","baseline","experiment","r0-style0-mode2"
"cpu","0","unavailable","baseline","experiment","r0-style1-mode0"
"gpu","0","unavailable","baseline","experiment","r0-style1-mode0"
"physics","0","unavailable","baseline","experiment","r0-style1-mode0"
"cpu","0","unavailable","baseline","experiment","r0-style1-mode1"
"gpu","0","unavailable","baseline","experiment","r0-style1-mode1"
"physics","0","unavailable","baseline","experiment","r0-style1-mode1"
"cpu","0","unavailable","baseline","experiment","r0-style1-mode2"
"gpu","0","unavailable","baseline","experiment","r0-style1-mode2"
"physics","0","unavailable","baseline","experiment","r0-style1-mode2"
"cpu","0","unavailable","candidate","original","r0-style0-mode0"
"gpu","0","unavailable","candidate","original","r0-style0-mode0"
"physics","0","unavailable","candidate","original","r0-style0-mode0"
"cpu","0","unavailable","candidate","original","r0-style0-mode1"
"gpu","0","unavailable","candidate","original","r0-style0-mode1"
"physics","0","unavailable","candidate","original","r0-style0-mode1"
"cpu","0","unavailable","candidate","original","r0-style0-mode2"
"gpu","0","unavailable","candidate","original","r0-style0-mode2"
"physics","0","unavailable","candidate","original","r0-style0-mode2"
"cpu","0","unavailable","candidate","original","r0-style1-mode0"
"gpu","0","unavailable","candidate","original","r0-style1-mode0"
"physics","0","unavailable","candidate","original","r0-style1-mode0"
"cpu","0","unavailable","candidate","original","r0-style1-mode1"
"gpu","0","unavailable","candidate","original","r0-style1-mode1"
"physics","0","unavailable","candidate","original","r0-style1-mode1"
"cpu","0","unavailable","candidate","original","r0-style1-mode2"
"gpu","0","unavailable","candidate","original","r0-style1-mode2"
"physics","0","unavailable","candidate","original","r0-style1-mode2"
"cpu","0","unavailable","candidate","experiment","r0-style0-mode0"
"gpu","0","unavailable","candidate","experiment","r0-style0-mode0"
"physics","0","unavailable","candidate","experiment","r0-style0-mode0"
"cpu","0","unavailable","candidate","experiment","r0-style0-mode1"
"gpu","0","unavailable","candidate","experiment","r0-style0-mode1"
"physics","0","unavailable","candidate","experiment","r0-style0-mode1"
"cpu","0","unavailable","candidate","experiment","r0-style0-mode2"
"gpu","0","unavailable","candidate","experiment","r0-style0-mode2"
"physics","0","unavailable","candidate","experiment","r0-style0-mode2"
"cpu","0","unavailable","candidate","experiment","r0-style1-mode0"
"gpu","0","unavailable","candidate","experiment","r0-style1-mode0"
"physics","0","unavailable","candidate","experiment","r0-style1-mode0"
"cpu","0","unavailable","candidate","experiment","r0-style1-mode1"
"gpu","0","unavailable","candidate","experiment","r0-style1-mode1"
"physics","0","unavailable","candidate","experiment","r0-style1-mode1"
"cpu","0","unavailable","candidate","experiment","r0-style1-mode2"
"gpu","0","unavailable","candidate","experiment","r0-style1-mode2"
"physics","0","unavailable","candidate","experiment","r0-style1-mode2"
