"phase","edition","scenario","method","calls","total_ms","ms_per_1000_frames","us_per_call"
"baseline","original","r0-style0-mode0","System.Single BallBoundaryGuard::FindGoalCeiling(UnityEngine.Collider2D)","163","4.444400","0.515173293149415","27.2662576687117"
"baseline","original","r0-style0-mode0","System.Void BallBoundaryGuard::FixedUpdate()","166","6.956700","0.806386924771068","41.9078313253012"
"baseline","original","r0-style0-mode0","System.Void PlayerSkills::OnBallCollision(UnityEngine.Collision2D)","5","0.130700","0.0151501101193926","26.14"
"baseline","original","r0-style0-mode0","System.Void PlayerSkills::BeforeMuscles(UnityEngine.Component)","17254","80.343900","9.31307522893242","4.65653761446621"
"baseline","original","r0-style0-mode0","System.Void PlayerMovement::BeforeMuscles(UnityEngine.Component)","17254","40.613500","4.70771994899733","2.35385997449867"
"baseline","original","r0-style0-mode0","System.Void PlayerMovement::Update()","17254","83.167400","9.64036165526834","4.82018082763417"
"baseline","original","r0-style0-mode0","System.Void PlayerMovement::FixedUpdate()","332","0.081400","0.00943549321896372","0.245180722891566"
"baseline","original","r0-style0-mode0","System.Void ZhaoHeader::BeforeMuscles(UnityEngine.Component)","17254","13.717200","1.59003129709053","0.795015648545265"
"baseline","original","r0-style0-mode0","System.Void ZhaoHeader::LateUpdate()","8627","10.212300","1.18376028746957","1.18376028746957"
"baseline","original","r0-style0-mode0","System.Void PowerShot::FixedUpdate()","332","0.357800","0.0414744407094007","1.07771084337349"
"baseline","original","r0-style0-mode0","System.Boolean PowerShot::OnBallCollision(UnityEngine.Collision2D)","5","0.122500","0.0141996058884896","24.5"
"baseline","original","r0-style0-mode0","System.Void MagneticFoot::BeforeMuscles(UnityEngine.Component)","17254","9.989900","1.15798075808508","0.578990379042541"
"baseline","original","r0-style0-mode1","System.Single BallBoundaryGuard::FindGoalCeiling(UnityEngine.Collider2D)","134","3.452900","0.397616305849839","25.7679104477612"
"baseline","original","r0-style0-mode1","System.Void BallBoundaryGuard::FixedUpdate()","169","4.501600","0.518378627360663","26.6366863905325"
"baseline","original","r0-style0-mode1","System.Void GameAIMod::UpdateDecision(UnityEngine.Component,GameAIMod/AIState)","94917","142.750100","16.4382888070014","1.50394660598207"
"baseline","original","r0-style0-mode1","System.Void PlayerSkills::OnBallCollision(UnityEngine.Collision2D)","111","3.580200","0.412275449101796","32.2540540540541"
"baseline","original","r0-style0-mode1","System.Void PlayerSkills::BeforeMuscles(UnityEngine.Component)","17368","216.436400","24.9235836020267","12.4617918010134"
"baseline","original","r0-style0-mode1","System.Void PlayerMovement::BeforeMuscles(UnityEngine.Component)","17368","38.922900","4.48213956701981","2.2410697835099"
"baseline","original","r0-style0-mode1","System.Void PlayerMovement::Update()","17368","65.224700","7.51090511285122","3.75545255642561"
"baseline","original","r0-style0-mode1","System.Void PlayerMovement::FixedUpdate()","338","0.036400","0.00419161676646707","0.107692307692308"
"baseline","original","r0-style0-mode1","System.Void ZhaoHeader::BeforeMuscles(UnityEngine.Component)","17368","151.714100","17.4705320128973","8.73526600644864"
"baseline","original","r0-style0-mode1","System.Void ZhaoHeader::LateUpdate()","8684","15.179500","1.74798479963151","1.74798479963151"
"baseline","original","r0-style0-mode1","System.Void PowerShot::FixedUpdate()","338","0.388100","0.0446913864578535","1.14822485207101"
"baseline","original","r0-style0-mode1","System.Boolean PowerShot::OnBallCollision(UnityEngine.Collision2D)","111","3.417500","0.393539843390143","30.7882882882883"
"baseline","original","r0-style0-mode1","System.Void MagneticFoot::BeforeMuscles(UnityEngine.Component)","17368","10.163500","1.1703707968678","0.585185398433901"
"baseline","original","r0-style0-mode2","System.Single BallBoundaryGuard::FindGoalCeiling(UnityEngine.Collider2D)","123","3.194100","0.3360088365243","25.9682926829268"
"baseline","original","r0-style0-mode2","System.Void BallBoundaryGuard::FixedUpdate()","167","4.249300","0.447012413212708","25.4449101796407"
"baseline","original","r0-style0-mode2","System.Void GameAIMod::UpdateDecision(UnityEngine.Component,GameAIMod/AIState)","94011","82.594600","8.68868083315801","0.878563146865792"
"baseline","original","r0-style0-mode2","System.Void PlayerSkills::OnBallCollision(UnityEngine.Collision2D)","450","6.469000","0.680517567851883","14.3755555555556"
"baseline","original","r0-style0-mode2","System.Void PlayerSkills::BeforeMuscles(UnityEngine.Component)","19012","85.662000","9.01136124552914","4.50568062276457"
"baseline","original","r0-style0-mode2","System.Void PlayerMovement::BeforeMuscles(UnityEngine.Component)","19012","42.790500","4.50142015569114","2.25071007784557"
"baseline","original","r0-style0-mode2","System.Void PlayerMovement::Update()","19012","80.604300","8.47930780559646","4.23965390279823"
"baseline","original","r0-style0-mode2","System.Void PlayerMovement::FixedUpdate()","334","0.035200","0.00370292446875658","0.105389221556886"
"baseline","original","r0-style0-mode2","System.Void ZhaoHeader::BeforeMuscles(UnityEngine.Component)","19012","14.997600","1.57769829581317","0.788849147906585"
"baseline","original","r0-style0-mode2","System.Void ZhaoHeader::LateUpdate()","9506","10.322900","1.0859351988218","1.0859351988218"
"baseline","original","r0-style0-mode2","System.Void PowerShot::FixedUpdate()","334","0.325800","0.0342730906795708","0.975449101796407"
"baseline","original","r0-style0-mode2","System.Boolean PowerShot::OnBallCollision(UnityEngine.Collision2D)","450","5.780500","0.608089627603619","12.8455555555556"
"baseline","original","r0-style0-mode2","System.Void MagneticFoot::BeforeMuscles(UnityEngine.Component)","19012","10.913300","1.14804334104776","0.57402167052388"
"baseline","original","r0-style1-mode0","System.Single BallBoundaryGuard::FindGoalCeiling(UnityEngine.Collider2D)","174","4.283700","0.595454545454545","24.6189655172414"
"baseline","original","r0-style1-mode0","System.Void BallBoundaryGuard::FixedUpdate()","177","5.453000","0.75799277175424","30.8079096045198"
"baseline","original","r0-style1-mode0","System.Void PlayerSkills::Update()","14388","54.399500","7.56178760077843","3.78089380038921"
"baseline","original","r0-style1-mode0","System.Void PlayerSkills::FixedUpdate()","354","6.853800","0.952710592160133","19.3610169491525"
"baseline","original","r0-style1-mode0","System.Void PlayerSkills::OnBallCollision(UnityEngine.Collision2D)","2","0.054800","0.00761745899360578","27.4"
"baseline","original","r0-style1-mode0","System.Void PlayerSkills::BeforeMuscles(UnityEngine.Component)","14388","144.169000","20.0401723658604","10.0200861829302"
"baseline","original","r0-style1-mode0","System.Single PlayerSkills::DropClearance()","63","0.791600","0.110036141228802","12.5650793650794"
"baseline","original","r0-style1-mode0","System.Void PlayerMovement::BeforeMuscles(UnityEngine.Component)","14388","79.782600","11.0901584653878","5.54507923269391"
"baseline","original","r0-style1-mode0","System.Void PlayerMovement::Update()","14388","193.125200","26.8453155407284","13.4226577703642"
"baseline","original","r0-style1-mode0","System.Void PlayerMovement::FixedUpdate()","354","1.632400","0.226911314984709","4.61129943502825"
"baseline","original","r0-style1-mode0","System.Void ZhaoHeader::BeforeMuscles(UnityEngine.Component)","14388","10.994900","1.52834306366416","0.764171531832082"
"baseline","original","r0-style1-mode0","System.Void ZhaoHeader::LateUpdate()","7194","8.401900","1.1679038087295","1.1679038087295"
"baseline","original","r0-style1-mode0","System.Void PowerShot::FixedUpdate()","354","0.332300","0.0461912705031971","0.938700564971751"
"baseline","original","r0-style1-mode0","System.Boolean PowerShot::OnBallCollision(UnityEngine.Collision2D)","2","0.046600","0.00647762023908813","23.3"
"baseline","original","r0-style1-mode0","System.Boolean MagneticFoot::Eligible()","14565","14.212300","1.97557686961357","0.975784414692757"
"baseline","original","r0-style1-mode0","System.Void MagneticFoot::BeforeMuscles(UnityEngine.Component)","14388","17.136900","2.38211009174312","1.19105504587156"
"baseline","original","r0-style1-mode0","System.Void MagneticFoot::Update()","7194","8.326300","1.15739505143175","1.15739505143175"
"baseline","original","r0-style1-mode0","System.Void MagneticFoot::FixedUpdate()","177","0.313800","0.0436196830692244","1.7728813559322"
"baseline","original","r0-style1-mode1","System.Single BallBoundaryGuard::FindGoalCeiling(UnityEngine.Collider2D)","142","3.484600","0.510638921453693","24.5394366197183"
"baseline","original","r0-style1-mode1","System.Void BallBoundaryGuard::FixedUpdate()","171","4.623200","0.677491207502931","27.0362573099415"
"baseline","original","r0-style1-mode1","System.Void GameAIMod::UpdateDecision(UnityEngine.Component,GameAIMod/AIState)","74033","88.993000","13.0411781946073","1.20207204895114"
"baseline","original","r0-style1-mode1","System.Void PlayerSkills::Update()","13648","51.885400","7.60337045720985","3.80168522860492"
"baseline","original","r0-style1-mode1","System.Void PlayerSkills::FixedUpdate()","342","7.100600","1.04053341148886","20.7619883040936"
"baseline","original","r0-style1-mode1","System.Void PlayerSkills::OnBallCollision(UnityEngine.Collision2D)","165","4.675800","0.685199296600234","28.3381818181818"
"baseline","original","r0-style1-mode1","System.Void PlayerSkills::BeforeMuscles(UnityEngine.Component)","13648","130.180400","19.0768464243845","9.53842321219226"
"baseline","original","r0-style1-mode1","System.Single PlayerSkills::DropClearance()","26","0.352000","0.0515826494724502","13.5384615384615"
"baseline","original","r0-style1-mode1","System.Void PlayerMovement::BeforeMuscles(UnityEngine.Component)","13648","62.270900","9.12527842907386","4.56263921453693"
"baseline","original","r0-style1-mode1","System.Void PlayerMovement::Update()","13648","170.710000","25.0161195779601","12.5080597889801"
"baseline","original","r0-style1-mode1","System.Void PlayerMovement::FixedUpdate()","342","1.547600","0.226787807737397","4.52514619883041"
"baseline","original","r0-style1-mode1","System.Void ZhaoHeader::BeforeMuscles(UnityEngine.Component)","13648","19.566900","2.86736518171161","1.4336825908558"
"baseline","original","r0-style1-mode1","System.Void ZhaoHeader::LateUpdate()","6824","9.209500","1.34957502930832","1.34957502930832"
"baseline","original","r0-style1-mode1","System.Void PowerShot::FixedUpdate()","342","0.415000","0.0608147713950762","1.21345029239766"
"baseline","original","r0-style1-mode1","System.Boolean PowerShot::OnBallCollision(UnityEngine.Collision2D)","165","3.818400","0.559554513481829","23.1418181818182"
"baseline","original","r0-style1-mode1","System.Boolean MagneticFoot::Eligible()","13819","9.552600","1.39985345838218","0.691265648744482"
"baseline","original","r0-style1-mode1","System.Void MagneticFoot::BeforeMuscles(UnityEngine.Component)","13648","14.212200","2.08267878077374","1.04133939038687"
"baseline","original","r0-style1-mode1","System.Void MagneticFoot::Update()","6824","6.267500","0.91844958968347","0.91844958968347"
"baseline","original","r0-style1-mode1","System.Void MagneticFoot::FixedUpdate()","171","0.166100","0.0243405627198124","0.971345029239766"
"baseline","original","r0-style1-mode2","System.Single BallBoundaryGuard::FindGoalCeiling(UnityEngine.Collider2D)","218","5.510700","0.944745414023658","25.2784403669725"
"baseline","original","r0-style1-mode2","System.Void BallBoundaryGuard::FixedUpdate()","186","6.853000","1.17486713526487","36.8440860215054"
"baseline","original","r0-style1-mode2","System.Void GameAIMod::UpdateDecision(UnityEngine.Component,GameAIMod/AIState)","58801","697.387400","119.558957654723","11.8601282291117"
"baseline","original","r0-style1-mode2","System.Void PlayerSkills::Update()","11666","38.778300","6.64808846219784","3.32404423109892"
"baseline","original","r0-style1-mode2","System.Void PlayerSkills::FixedUpdate()","372","6.979100","1.19648551345791","18.7610215053763"
"baseline","original","r0-style1-mode2","System.Void PlayerSkills::OnBallCollision(UnityEngine.Collision2D)","6","0.173400","0.0297274129950283","28.9"
"baseline","original","r0-style1-mode2","System.Void PlayerSkills::BeforeMuscles(UnityEngine.Component)","11666","120.437600","20.6476255786045","10.3238127893022"
"baseline","original","r0-style1-mode2","System.Single PlayerSkills::DropClearance()","103","1.752500","0.300445739756558","17.0145631067961"
"baseline","original","r0-style1-mode2","System.Void PlayerMovement::BeforeMuscles(UnityEngine.Component)","11666","66.831600","11.4575004285959","5.72875021429796"
"baseline","original","r0-style1-mode2","System.Void PlayerMovement::Update()","11666","151.225400","25.9258357620435","12.9629178810218"
"baseline","original","r0-style1-mode2","System.Void PlayerMovement::FixedUpdate()","372","1.812600","0.310749185667752","4.87258064516129"
"baseline","original","r0-style1-mode2","System.Void ZhaoHeader::BeforeMuscles(UnityEngine.Component)","11666","8.979300","1.53939653694497","0.769698268472484"
"baseline","original","r0-style1-mode2","System.Void ZhaoHeader::LateUpdate()","5833","7.134900","1.22319561117778","1.22319561117778"
"baseline","original","r0-style1-mode2","System.Void PowerShot::FixedUpdate()","372","0.352600","0.0604491685239157","0.947849462365591"
"baseline","original","r0-style1-mode2","System.Boolean PowerShot::OnBallCollision(UnityEngine.Collision2D)","6","0.141600","0.024275672895594","23.6"
"baseline","original","r0-style1-mode2","System.Boolean MagneticFoot::Eligible()","11852","11.963100","2.05093433910509","1.00937394532568"
"baseline","original","r0-style1-mode2","System.Void MagneticFoot::BeforeMuscles(UnityEngine.Component)","11666","14.358900","2.46166638093605","1.23083319046803"
"baseline","original","r0-style1-mode2","System.Void MagneticFoot::Update()","5833","6.797000","1.1652665866621","1.1652665866621"
"baseline","original","r0-style1-mode2","System.Void MagneticFoot::FixedUpdate()","186","0.227000","0.0389165095148294","1.22043010752688"
"baseline","experiment","r0-style0-mode0","System.Single BallBoundaryGuard::FindGoalCeiling(UnityEngine.Collider2D)","400","10.335900","1.18165085172059","25.83975"
"baseline","experiment","r0-style0-mode0","System.Void BallBoundaryGuard::FixedUpdate()","200","12.812600","1.4647993597805","64.063"
"baseline","experiment","r0-style0-mode0","System.Void PlayerSkills::OnBallCollision(UnityEngine.Collision2D)","121","3.007400","0.343820738538928","24.8545454545455"
"baseline","experiment","r0-style0-mode0","System.Void PlayerSkills::BeforeMuscles(UnityEngine.Component)","17494","83.074600","9.49749628444038","4.74874814222019"
"baseline","experiment","r0-style0-mode0","System.Void PlayerMovement::BeforeMuscles(UnityEngine.Component)","17494","41.580500","4.75368697839259","2.3768434891963"
"baseline","experiment","r0-style0-mode0","System.Void PlayerMovement::Update()","17494","85.740900","9.80232079570138","4.90116039785069"
"baseline","experiment","r0-style0-mode0","System.Void PlayerMovement::FixedUpdate()","400","0.084100","0.00961472504858809","0.21025"
"baseline","experiment","r0-style0-mode0","System.Void ZhaoHeader::BeforeMuscles(UnityEngine.Component)","17494","13.927100","1.59221447353378","0.796107236766891"
"baseline","experiment","r0-style0-mode0","System.Void ZhaoHeader::LateUpdate()","8747","10.468100","1.19676460500743","1.19676460500743"
"baseline","experiment","r0-style0-mode0","System.Void PowerShot::FixedUpdate()","400","0.449100","0.0513433177089288","1.12275"
"baseline","experiment","r0-style0-mode0","System.Boolean PowerShot::OnBallCollision(UnityEngine.Collision2D)","121","2.829300","0.323459471818909","23.3826446280992"
"baseline","experiment","r0-style0-mode0","System.Void MagneticFoot::BeforeMuscles(UnityEngine.Component)","17494","10.665400","1.21932091002629","0.609660455013147"
"baseline","experiment","r0-style0-mode0","System.Void ExperimentScale::OnBallCollision(UnityEngine.Collision2D)","121","0.322900","0.0369155138904767","2.66859504132231"
"baseline","experiment","r0-style0-mode1","System.Single BallBoundaryGuard::FindGoalCeiling(UnityEngine.Collider2D)","170","5.028000","0.625918087887464","29.5764705882353"
"baseline","experiment","r0-style0-mode1","System.Void BallBoundaryGuard::FixedUpdate()","176","6.216500","0.773870285074069","35.3210227272727"
"baseline","experiment","r0-style0-mode1","System.Void GameAIMod::UpdateDecision(UnityEngine.Component,GameAIMod/AIState)","86483","367.798200","45.785908128968","4.25283813003712"
"baseline","experiment","r0-style0-mode1","System.Void PlayerSkills::OnBallCollision(UnityEngine.Collision2D)","103","2.915300","0.362915473671107","28.3038834951456"
"baseline","experiment","r0-style0-mode1","System.Void PlayerSkills::BeforeMuscles(UnityEngine.Component)","16066","203.108300","25.2842400099589","12.6421200049795"
"baseline","experiment","r0-style0-mode1","System.Void PlayerMovement::BeforeMuscles(UnityEngine.Component)","16066","86.910700","10.8192082659032","5.40960413295158"
"baseline","experiment","r0-style0-mode1","System.Void PlayerMovement::Update()","16066","61.997200","7.71781401717914","3.85890700858957"
"baseline","experiment","r0-style0-mode1","System.Void PlayerMovement::FixedUpdate()","352","0.035800","0.0044566164571144","0.101704545454545"
"baseline","experiment","r0-style0-mode1","System.Void ZhaoHeader::BeforeMuscles(UnityEngine.Component)","16066","91.011000","11.3296402340346","5.6648201170173"
"baseline","experiment","r0-style0-mode1","System.Void ZhaoHeader::LateUpdate()","8033","12.609000","1.56965019295406","1.56965019295406"
"baseline","experiment","r0-style0-mode1","System.Void PowerShot::FixedUpdate()","352","0.365600","0.0455122619195817","1.03863636363636"
"baseline","experiment","r0-style0-mode1","System.Boolean PowerShot::OnBallCollision(UnityEngine.Collision2D)","103","2.770600","0.344902278102826","26.8990291262136"
"baseline","experiment","r0-style0-mode1","System.Void MagneticFoot::BeforeMuscles(UnityEngine.Component)","16066","10.249500","1.27592431221212","0.637962156106062"
"baseline","experiment","r0-style0-mode1","System.Void ExperimentScale::OnBallCollision(UnityEngine.Collision2D)","103","0.355200","0.0442176023901407","3.44854368932039"
"baseline","experiment","r0-style0-mode1","System.Boolean ExperimentActor::CanCorrect(System.String)","17","0.097500","0.0121374330885099","5.73529411764706"
"baseline","experiment","r0-style0-mode2","System.Single BallBoundaryGuard::FindGoalCeiling(UnityEngine.Collider2D)","194","5.352300","0.662249443207127","27.589175257732"
"baseline","experiment","r0-style0-mode2","System.Void BallBoundaryGuard::FixedUpdate()","181","6.747700","0.834904726552833","37.2801104972376"
"baseline","experiment","r0-style0-mode2","System.Void GameAIMod::UpdateDecision(UnityEngine.Component,GameAIMod/AIState)","80312","397.601400","49.1959168522643","4.95070973204502"
"baseline","experiment","r0-style0-mode2","System.Void PlayerSkills::OnBallCollision(UnityEngine.Collision2D)","25","0.645600","0.0798812175204157","25.824"
"baseline","experiment","r0-style0-mode2","System.Void PlayerSkills::BeforeMuscles(UnityEngine.Component)","16164","75.598400","9.35392229646127","4.67696114823064"
"baseline","experiment","r0-style0-mode2","System.Void PlayerMovement::BeforeMuscles(UnityEngine.Component)","16164","38.273400","4.73563474387528","2.36781737193764"
"baseline","experiment","r0-style0-mode2","System.Void PlayerMovement::Update()","16164","73.099300","9.04470428111854","4.52235214055927"
"baseline","experiment","r0-style0-mode2","System.Void PlayerMovement::FixedUpdate()","362","0.035900","0.00444196980945311","0.099171270718232"
"baseline","experiment","r0-style0-mode2","System.Void ZhaoHeader::BeforeMuscles(UnityEngine.Component)","16164","12.523600","1.54956693887652","0.774783469438258"
"baseline","experiment","r0-style0-mode2","System.Void ZhaoHeader::LateUpdate()","8082","9.907800","1.22590942835932","1.22590942835932"
"baseline","experiment","r0-style0-mode2","System.Void PowerShot::FixedUpdate()","362","0.363300","0.0449517446176689","1.00359116022099"
"baseline","experiment","r0-style0-mode2","System.Boolean PowerShot::OnBallCollision(UnityEngine.Collision2D)","25","0.604500","0.0747958426132145","24.18"
"baseline","experiment","r0-style0-mode2","System.Void MagneticFoot::BeforeMuscles(UnityEngine.Component)","16164","9.764600","1.20819104182133","0.604095520910666"
"baseline","experiment","r0-style0-mode2","System.Void ExperimentScale::OnBallCollision(UnityEngine.Collision2D)","25","0.319700","0.0395570403365504","12.788"
"baseline","experiment","r0-style0-mode2","System.Boolean ExperimentActor::CanCorrect(System.String)","17","0.100300","0.012410294481564","5.9"
"baseline","experiment","r0-style1-mode0","System.Single BallBoundaryGuard::FindGoalCeiling(UnityEngine.Collider2D)","248","6.892500","0.868182390729311","27.7923387096774"
"baseline","experiment","r0-style1-mode0","System.Void BallBoundaryGuard::FixedUpdate()","200","8.395100","1.057450560524","41.9755"
"baseline","experiment","r0-style1-mode0","System.Void PlayerSkills::Update()","15878","51.728500","6.5157450560524","3.2578725280262"
"baseline","experiment","r0-style1-mode0","System.Void PlayerSkills::FixedUpdate()","400","9.704200","1.22234538354957","24.2605"
"baseline","experiment","r0-style1-mode0","System.Void PlayerSkills::OnBallCollision(UnityEngine.Collision2D)","3","0.099200","0.0124952764831843","33.0666666666667"
"baseline","experiment","r0-style1-mode0","System.Void PlayerSkills::BeforeMuscles(UnityEngine.Component)","15878","163.607300","20.608048872654","10.304024436327"
"baseline","experiment","r0-style1-mode0","System.Single PlayerSkills::DropClearance()","111","1.476700","0.186005794180627","13.3036036036036"
"baseline","experiment","r0-style1-mode0","System.Void PlayerMovement::BeforeMuscles(UnityEngine.Component)","15878","62.114700","7.82399546542386","3.91199773271193"
"baseline","experiment","r0-style1-mode0","System.Void PlayerMovement::Update()","15878","122.856600","15.4750724272578","7.73753621362892"
"baseline","experiment","r0-style1-mode0","System.Void PlayerMovement::FixedUpdate()","400","1.285900","0.161972540622245","3.21475"
"baseline","experiment","r0-style1-mode0","System.Void ZhaoHeader::BeforeMuscles(UnityEngine.Component)","15878","19.768900","2.49009950875425","1.24504975437713"
"baseline","experiment","r0-style1-mode0","System.Void ZhaoHeader::LateUpdate()","7939","10.998400","1.38536339589369","1.38536339589369"
"baseline","experiment","r0-style1-mode0","System.Void PowerShot::FixedUpdate()","400","0.294000","0.0370323718352437","0.735"
"baseline","experiment","r0-style1-mode0","System.Boolean PowerShot::OnBallCollision(UnityEngine.Collision2D)","3","0.080200","0.0101020279632195","26.7333333333333"
"baseline","experiment","r0-style1-mode0","System.Boolean MagneticFoot::Eligible()","16078","20.120400","2.5343746063736","1.25142430650578"
"baseline","experiment","r0-style1-mode0","System.Void MagneticFoot::BeforeMuscles(UnityEngine.Component)","15878","22.147000","2.78964605113994","1.39482302556997"
"baseline","experiment","r0-style1-mode0","System.Void MagneticFoot::Update()","7939","11.076900","1.3952512910946","1.3952512910946"
"baseline","experiment","r0-style1-mode0","System.Void MagneticFoot::FixedUpdate()","200","0.477300","0.0601209220304824","2.3865"
"baseline","experiment","r0-style1-mode0","System.Void ExperimentScale::OnBallCollision(UnityEngine.Collision2D)","3","0.014200","0.00178863836755259","4.73333333333333"
"baseline","experiment","r0-style1-mode0","System.Boolean ExperimentActor::CanCorrect(System.String)","1","0.000300","3.77881345257589E-05","0.3"
"baseline","experiment","r0-style1-mode1","System.Single BallBoundaryGuard::FindGoalCeiling(UnityEngine.Collider2D)","121","3.223400","0.490101870153565","26.6396694214876"
"baseline","experiment","r0-style1-mode1","System.Void BallBoundaryGuard::FixedUpdate()","166","4.265800","0.648593583700775","25.6975903614458"
"baseline","experiment","r0-style1-mode1","System.Void GameAIMod::UpdateDecision(UnityEngine.Component,GameAIMod/AIState)","72120","109.560600","16.658142010035","1.51914309484193"
"baseline","experiment","r0-style1-mode1","System.Void PlayerSkills::Update()","13154","51.202900","7.78514520298008","3.89257260149004"
"baseline","experiment","r0-style1-mode1","System.Void PlayerSkills::FixedUpdate()","332","8.988300","1.36662612133191","27.0731927710843"
"baseline","experiment","r0-style1-mode1","System.Void PlayerSkills::OnBallCollision(UnityEngine.Collision2D)","10","0.311900","0.0474228371597993","31.19"
"baseline","experiment","r0-style1-mode1","System.Void PlayerSkills::BeforeMuscles(UnityEngine.Component)","13154","153.041600","23.2692108864224","11.6346054432112"
"baseline","experiment","r0-style1-mode1","System.Single PlayerSkills::DropClearance()","46","0.597500","0.0908468906796412","12.9891304347826"
"baseline","experiment","r0-style1-mode1","System.Void PlayerMovement::BeforeMuscles(UnityEngine.Component)","13154","74.655200","11.3509502812833","5.67547514064163"
"baseline","experiment","r0-style1-mode1","System.Void PlayerMovement::Update()","13154","168.667300","25.6450205260757","12.8225102630379"
"baseline","experiment","r0-style1-mode1","System.Void PlayerMovement::FixedUpdate()","332","2.935900","0.446388931123613","8.84307228915663"
"baseline","experiment","r0-style1-mode1","System.Void ZhaoHeader::BeforeMuscles(UnityEngine.Component)","13154","29.900600","4.54623688611829","2.27311844305915"
"baseline","experiment","r0-style1-mode1","System.Void ZhaoHeader::LateUpdate()","6577","9.528600","1.44877603770716","1.44877603770716"
"baseline","experiment","r0-style1-mode1","System.Void PowerShot::FixedUpdate()","332","0.323900","0.0492473772236582","0.975602409638554"
"baseline","experiment","r0-style1-mode1","System.Boolean PowerShot::OnBallCollision(UnityEngine.Collision2D)","10","0.262000","0.0398357913942527","26.2"
"baseline","experiment","r0-style1-mode1","System.Boolean MagneticFoot::Eligible()","13320","11.120600","1.69083168617911","0.83487987987988"
"baseline","experiment","r0-style1-mode1","System.Void MagneticFoot::BeforeMuscles(UnityEngine.Component)","13154","15.132900","2.30088186103087","1.15044093051543"
"baseline","experiment","r0-style1-mode1","System.Void MagneticFoot::Update()","6577","6.724100","1.0223658202828","1.0223658202828"
"baseline","experiment","r0-style1-mode1","System.Void MagneticFoot::FixedUpdate()","166","0.207100","0.0314885206020982","1.24759036144578"
"baseline","experiment","r0-style1-mode1","System.Void ExperimentScale::OnBallCollision(UnityEngine.Collision2D)","10","0.033100","0.00503268967614414","3.31"
"baseline","experiment","r0-style1-mode1","System.Boolean ExperimentActor::CanCorrect(System.String)","2","0.000600","9.12270031929451E-05","0.3"
"baseline","experiment","r0-style1-mode2","System.Single BallBoundaryGuard::FindGoalCeiling(UnityEngine.Collider2D)","146","3.614500","0.536753786753787","24.7568493150685"
"baseline","experiment","r0-style1-mode2","System.Void BallBoundaryGuard::FixedUpdate()","172","4.644400","0.68969408969409","27.0023255813953"
"baseline","experiment","r0-style1-mode2","System.Void GameAIMod::UpdateDecision(UnityEngine.Component,GameAIMod/AIState)","67741","139.814100","20.7624146124146","2.06395093075095"
"baseline","experiment","r0-style1-mode2","System.Void PlayerSkills::Update()","13468","44.281800","6.57585387585388","3.28792693792694"
"baseline","experiment","r0-style1-mode2","System.Void PlayerSkills::FixedUpdate()","344","9.144700","1.35798930798931","26.5834302325581"
"baseline","experiment","r0-style1-mode2","System.Void PlayerSkills::OnBallCollision(UnityEngine.Collision2D)","166","3.312300","0.491877041877042","19.9536144578313"
"baseline","experiment","r0-style1-mode2","System.Void PlayerSkills::BeforeMuscles(UnityEngine.Component)","13468","132.058000","19.6106326106326","9.80531630531631"
"baseline","experiment","r0-style1-mode2","System.Single PlayerSkills::DropClearance()","133","2.313500","0.343555093555094","17.3947368421053"
"baseline","experiment","r0-style1-mode2","System.Void PlayerMovement::BeforeMuscles(UnityEngine.Component)","13468","73.356100","10.8933917433917","5.44669587169587"
"baseline","experiment","r0-style1-mode2","System.Void PlayerMovement::Update()","13468","171.679600","25.4944460944461","12.747223047223"
"baseline","experiment","r0-style1-mode2","System.Void PlayerMovement::FixedUpdate()","344","1.559200","0.231541431541432","4.53255813953488"
"baseline","experiment","r0-style1-mode2","System.Void ZhaoHeader::BeforeMuscles(UnityEngine.Component)","13468","10.398100","1.54411939411939","0.772059697059697"
"baseline","experiment","r0-style1-mode2","System.Void ZhaoHeader::LateUpdate()","6734","8.002100","1.18831303831304","1.18831303831304"
"baseline","experiment","r0-style1-mode2","System.Void PowerShot::FixedUpdate()","344","0.321000","0.0476685476685477","0.933139534883721"
"baseline","experiment","r0-style1-mode2","System.Boolean PowerShot::OnBallCollision(UnityEngine.Collision2D)","166","2.398900","0.356237006237006","14.4512048192771"
"baseline","experiment","r0-style1-mode2","System.Boolean MagneticFoot::Eligible()","13640","11.335700","1.68335313335313","0.831063049853372"
"baseline","experiment","r0-style1-mode2","System.Void MagneticFoot::BeforeMuscles(UnityEngine.Component)","13468","14.710400","2.18449658449658","1.09224829224829"
"baseline","experiment","r0-style1-mode2","System.Void MagneticFoot::Update()","6734","7.015700","1.04183249183249","1.04183249183249"
"baseline","experiment","r0-style1-mode2","System.Void MagneticFoot::FixedUpdate()","172","0.206400","0.0306504306504306","1.2"
"baseline","experiment","r0-style1-mode2","System.Void ExperimentScale::OnBallCollision(UnityEngine.Collision2D)","166","0.912200","0.135461835461835","5.49518072289157"
"baseline","experiment","r0-style1-mode2","System.Boolean ExperimentActor::CanCorrect(System.String)","112","0.355400","0.0527769527769528","3.17321428571429"
"candidate","original","r0-style0-mode0","System.Single BallBoundaryGuard::FindGoalCeiling(UnityEngine.Collider2D)","1","0.031300","0.00317476417486561","31.3"
"candidate","original","r0-style0-mode0","System.Void BallBoundaryGuard::FixedUpdate()","164","1.010200","0.102464753017547","6.15975609756098"
"candidate","original","r0-style0-mode0","System.Void PlayerSkills::OnBallCollision(UnityEngine.Collision2D)","437","5.466500","0.554467998782838","12.5091533180778"
"candidate","original","r0-style0-mode0","System.Void PlayerSkills::BeforeMuscles(UnityEngine.Component)","19718","94.101500","9.54473070291105","4.77236535145552"
"candidate","original","r0-style0-mode0","System.Void PlayerMovement::BeforeMuscles(UnityEngine.Component)","19718","49.741500","5.04528856882037","2.52264428441018"
"candidate","original","r0-style0-mode0","System.Void PlayerMovement::Update()","19718","81.429900","8.2594482199006","4.1297241099503"
"candidate","original","r0-style0-mode0","System.Void PlayerMovement::FixedUpdate()","328","0.061900","0.00627852723399939","0.188719512195122"
"candidate","original","r0-style0-mode0","System.Void ZhaoHeader::BeforeMuscles(UnityEngine.Component)","19718","15.018200","1.52329850897657","0.761649254488285"
"candidate","original","r0-style0-mode0","System.Void ZhaoHeader::LateUpdate()","9859","10.359300","1.05074551171518","1.05074551171518"
"candidate","original","r0-style0-mode0","System.Void PowerShot::FixedUpdate()","328","0.397500","0.0403184907191399","1.21189024390244"
"candidate","original","r0-style0-mode0","System.Boolean PowerShot::OnBallCollision(UnityEngine.Collision2D)","437","4.986700","0.505801805456943","11.4112128146453"
"candidate","original","r0-style0-mode0","System.Void MagneticFoot::BeforeMuscles(UnityEngine.Component)","19718","11.599100","1.17649863069277","0.588249315346384"
"candidate","original","r0-style0-mode1","System.Void BallBoundaryGuard::FixedUpdate()","168","1.041000","0.119025840384176","6.19642857142857"
"candidate","original","r0-style0-mode1","System.Void GameAIMod::UpdateDecision(UnityEngine.Component,GameAIMod/AIState)","96081","114.110600","13.047175851818","1.18765000364276"
"candidate","original","r0-style0-mode1","System.Void PlayerSkills::OnBallCollision(UnityEngine.Collision2D)","125","0.878100","0.100400182940773","7.0248"
"candidate","original","r0-style0-mode1","System.Void PlayerSkills::BeforeMuscles(UnityEngine.Component)","17492","194.281100","22.2137091241711","11.1068545620855"
"candidate","original","r0-style0-mode1","System.Void PlayerMovement::BeforeMuscles(UnityEngine.Component)","17492","44.225700","5.05667733821175","2.52833866910588"
"candidate","original","r0-style0-mode1","System.Void PlayerMovement::Update()","17492","63.913800","7.3077749828493","3.65388749142465"
"candidate","original","r0-style0-mode1","System.Void PlayerMovement::FixedUpdate()","336","0.035500","0.00405899839926824","0.105654761904762"
"candidate","original","r0-style0-mode1","System.Void ZhaoHeader::BeforeMuscles(UnityEngine.Component)","17492","123.486700","14.1192202149554","7.0596101074777"
"candidate","original","r0-style0-mode1","System.Void ZhaoHeader::LateUpdate()","8746","13.567300","1.55125771781386","1.55125771781386"
"candidate","original","r0-style0-mode1","System.Void PowerShot::FixedUpdate()","336","1.165100","0.133215184084153","3.46755952380952"
"candidate","original","r0-style0-mode1","System.Boolean PowerShot::OnBallCollision(UnityEngine.Collision2D)","125","0.682300","0.0780128058541047","5.4584"
"candidate","original","r0-style0-mode1","System.Void MagneticFoot::BeforeMuscles(UnityEngine.Component)","17492","10.622400","1.21454379144752","0.60727189572376"
"candidate","original","r0-style0-mode2","System.Single BallBoundaryGuard::FindGoalCeiling(UnityEngine.Collider2D)","1","0.047600","0.00488255205662119","47.6"
"candidate","original","r0-style0-mode2","System.Void BallBoundaryGuard::FixedUpdate()","167","1.034700","0.106133962457688","6.19580838323353"
"candidate","original","r0-style0-mode2","System.Void GameAIMod::UpdateDecision(UnityEngine.Component,GameAIMod/AIState)","95978","87.254700","8.95011796081649","0.909111463043614"
"candidate","original","r0-style0-mode2","System.Void PlayerSkills::OnBallCollision(UnityEngine.Collision2D)","475","2.925900","0.300123089547646","6.15978947368421"
"candidate","original","r0-style0-mode2","System.Void PlayerSkills::BeforeMuscles(UnityEngine.Component)","19498","94.476000","9.69084008616268","4.84542004308134"
"candidate","original","r0-style0-mode2","System.Void PlayerMovement::BeforeMuscles(UnityEngine.Component)","19498","50.039800","5.13281362190994","2.56640681095497"
"candidate","original","r0-style0-mode2","System.Void PlayerMovement::Update()","19498","77.026700","7.90098471638117","3.95049235819058"
"candidate","original","r0-style0-mode2","System.Void PlayerMovement::FixedUpdate()","334","0.032600","0.00334393271104729","0.0976047904191617"
"candidate","original","r0-style0-mode2","System.Void ZhaoHeader::BeforeMuscles(UnityEngine.Component)","19498","14.936800","1.53213662939789","0.766068314698943"
"candidate","original","r0-style0-mode2","System.Void ZhaoHeader::LateUpdate()","9749","10.643300","1.09173248538312","1.09173248538312"
"candidate","original","r0-style0-mode2","System.Void PowerShot::FixedUpdate()","334","0.308900","0.0316853010565186","0.924850299401198"
"candidate","original","r0-style0-mode2","System.Boolean PowerShot::OnBallCollision(UnityEngine.Collision2D)","475","2.404800","0.246671453482408","5.06273684210526"
"candidate","original","r0-style0-mode2","System.Void MagneticFoot::BeforeMuscles(UnityEngine.Component)","19498","11.712700","1.20142578726023","0.600712893630116"
"candidate","original","r0-style1-mode0","System.Void BallBoundaryGuard::FixedUpdate()","180","1.161100","0.158989456387786","6.45055555555555"
"candidate","original","r0-style1-mode0","System.Void PlayerSkills::Update()","14606","55.219000","7.56113925783924","3.78056962891962"
"candidate","original","r0-style1-mode0","System.Void PlayerSkills::FixedUpdate()","360","7.714600","1.05636039983568","21.4294444444444"
"candidate","original","r0-style1-mode0","System.Void PlayerSkills::OnBallCollision(UnityEngine.Collision2D)","3","0.031100","0.00425852389429002","10.3666666666667"
"candidate","original","r0-style1-mode0","System.Void PlayerSkills::BeforeMuscles(UnityEngine.Component)","14606","156.326100","21.4057373682048","10.7028686841024"
"candidate","original","r0-style1-mode0","System.Single PlayerSkills::DropClearance()","89","1.060100","0.1451595234835","11.9112359550562"
"candidate","original","r0-style1-mode0","System.Void PlayerMovement::BeforeMuscles(UnityEngine.Component)","14606","83.929700","11.4924962344242","5.7462481172121"
"candidate","original","r0-style1-mode0","System.Void PlayerMovement::Update()","14606","198.320400","27.1560180747638","13.5780090373819"
"candidate","original","r0-style1-mode0","System.Void PlayerMovement::FixedUpdate()","360","1.624900","0.222497603724497","4.51361111111111"
"candidate","original","r0-style1-mode0","System.Void ZhaoHeader::BeforeMuscles(UnityEngine.Component)","14606","11.573600","1.58477338080241","0.792386690401205"
"candidate","original","r0-style1-mode0","System.Void ZhaoHeader::LateUpdate()","7303","8.558900","1.17197042311379","1.17197042311379"
"candidate","original","r0-style1-mode0","System.Void PowerShot::FixedUpdate()","360","0.326800","0.044748733397234","0.907777777777778"
"candidate","original","r0-style1-mode0","System.Boolean PowerShot::OnBallCollision(UnityEngine.Collision2D)","3","0.010800","0.00147884431055731","3.6"
"candidate","original","r0-style1-mode0","System.Boolean MagneticFoot::Eligible()","14786","14.952500","2.04744625496371","1.01126065196808"
"candidate","original","r0-style1-mode0","System.Void MagneticFoot::BeforeMuscles(UnityEngine.Component)","14606","18.331400","2.51011912912502","1.25505956456251"
"candidate","original","r0-style1-mode0","System.Void MagneticFoot::Update()","7303","8.450100","1.15707243598521","1.15707243598521"
"candidate","original","r0-style1-mode0","System.Void MagneticFoot::FixedUpdate()","180","0.317600","0.0434889771326852","1.76444444444444"
"candidate","original","r0-style1-mode1","System.Void BallBoundaryGuard::FixedUpdate()","180","1.137400","0.159679910150218","6.31888888888889"
"candidate","original","r0-style1-mode1","System.Void GameAIMod::UpdateDecision(UnityEngine.Component,GameAIMod/AIState)","79148","160.517100","22.5350414151341","2.02806261686966"
"candidate","original","r0-style1-mode1","System.Void PlayerSkills::Update()","14246","52.762300","7.4073143338481","3.70365716692405"
"candidate","original","r0-style1-mode1","System.Void PlayerSkills::FixedUpdate()","360","7.181300","1.00818475361505","19.9480555555556"
"candidate","original","r0-style1-mode1","System.Void PlayerSkills::OnBallCollision(UnityEngine.Collision2D)","140","1.419900","0.199340165660536","10.1421428571429"
"candidate","original","r0-style1-mode1","System.Void PlayerSkills::BeforeMuscles(UnityEngine.Component)","14246","141.178300","19.8200617717254","9.9100308858627"
"candidate","original","r0-style1-mode1","System.Single PlayerSkills::DropClearance()","66","0.948500","0.133160185315176","14.3712121212121"
"candidate","original","r0-style1-mode1","System.Void PlayerMovement::BeforeMuscles(UnityEngine.Component)","14246","76.487700","10.7381300014039","5.36906500070195"
"candidate","original","r0-style1-mode1","System.Void PlayerMovement::Update()","14246","185.954400","26.1061912115682","13.0530956057841"
"candidate","original","r0-style1-mode1","System.Void PlayerMovement::FixedUpdate()","360","2.001600","0.281005194440545","5.56"
"candidate","original","r0-style1-mode1","System.Void ZhaoHeader::BeforeMuscles(UnityEngine.Component)","14246","10.987200","1.54249613926716","0.771248069633581"
"candidate","original","r0-style1-mode1","System.Void ZhaoHeader::LateUpdate()","7123","8.917600","1.25194440544714","1.25194440544714"
"candidate","original","r0-style1-mode1","System.Void PowerShot::FixedUpdate()","360","0.330600","0.0464130282184473","0.918333333333333"
"candidate","original","r0-style1-mode1","System.Boolean PowerShot::OnBallCollision(UnityEngine.Collision2D)","140","0.633300","0.08890916748561","4.52357142857143"
"candidate","original","r0-style1-mode1","System.Boolean MagneticFoot::Eligible()","14426","11.789000","1.65506106977397","0.817205046443921"
"candidate","original","r0-style1-mode1","System.Void MagneticFoot::BeforeMuscles(UnityEngine.Component)","14246","16.570800","2.32637933455005","1.16318966727502"
"candidate","original","r0-style1-mode1","System.Void MagneticFoot::Update()","7123","7.036300","0.987828162291169","0.987828162291169"
"candidate","original","r0-style1-mode1","System.Void MagneticFoot::FixedUpdate()","180","0.190600","0.0267583883195283","1.05888888888889"
"candidate","original","r0-style1-mode2","System.Void BallBoundaryGuard::FixedUpdate()","186","1.220800","0.180058997050148","6.56344086021505"
"candidate","original","r0-style1-mode2","System.Void GameAIMod::UpdateDecision(UnityEngine.Component,GameAIMod/AIState)","67912","255.315000","37.6570796460177","3.75949758511014"
"candidate","original","r0-style1-mode2","System.Void PlayerSkills::Update()","13560","42.655200","6.29132743362832","3.14566371681416"
"candidate","original","r0-style1-mode2","System.Void PlayerSkills::FixedUpdate()","372","7.303900","1.07727138643068","19.6341397849462"
"candidate","original","r0-style1-mode2","System.Void PlayerSkills::OnBallCollision(UnityEngine.Collision2D)","52","0.677000","0.0998525073746313","13.0192307692308"
"candidate","original","r0-style1-mode2","System.Void PlayerSkills::BeforeMuscles(UnityEngine.Component)","13560","142.279500","20.9851769911504","10.4925884955752"
"candidate","original","r0-style1-mode2","System.Single PlayerSkills::DropClearance()","113","1.644700","0.242581120943953","14.5548672566372"
"candidate","original","r0-style1-mode2","System.Void PlayerMovement::BeforeMuscles(UnityEngine.Component)","13560","79.712000","11.7569321533923","5.87846607669617"
"candidate","original","r0-style1-mode2","System.Void PlayerMovement::Update()","13560","181.618300","26.7873598820059","13.393679941003"
"candidate","original","r0-style1-mode2","System.Void PlayerMovement::FixedUpdate()","372","1.689100","0.249129793510324","4.54059139784946"
"candidate","original","r0-style1-mode2","System.Void ZhaoHeader::BeforeMuscles(UnityEngine.Component)","13560","10.764100","1.58762536873156","0.793812684365782"
"candidate","original","r0-style1-mode2","System.Void ZhaoHeader::LateUpdate()","6780","8.132600","1.19949852507375","1.19949852507375"
"candidate","original","r0-style1-mode2","System.Void PowerShot::FixedUpdate()","372","0.338700","0.0499557522123894","0.910483870967742"
"candidate","original","r0-style1-mode2","System.Boolean PowerShot::OnBallCollision(UnityEngine.Collision2D)","52","0.217800","0.0321238938053097","4.18846153846154"
"candidate","original","r0-style1-mode2","System.Boolean MagneticFoot::Eligible()","13746","12.171300","1.79517699115044","0.885443037974684"
"candidate","original","r0-style1-mode2","System.Void MagneticFoot::BeforeMuscles(UnityEngine.Component)","13560","16.045900","2.36665191740413","1.18332595870206"
"candidate","original","r0-style1-mode2","System.Void MagneticFoot::Update()","6780","7.135200","1.05238938053097","1.05238938053097"
"candidate","original","r0-style1-mode2","System.Void MagneticFoot::FixedUpdate()","186","0.210600","0.0310619469026549","1.13225806451613"
"candidate","experiment","r0-style0-mode0","System.Single BallBoundaryGuard::FindGoalCeiling(UnityEngine.Collider2D)","1","0.154100","0.0164759970063081","154.1"
"candidate","experiment","r0-style0-mode0","System.Void BallBoundaryGuard::FixedUpdate()","167","2.969200","0.317459638618625","17.7796407185629"
"candidate","experiment","r0-style0-mode0","System.Void PlayerSkills::OnBallCollision(UnityEngine.Collision2D)","21","0.127000","0.0135785309526355","6.04761904761905"
"candidate","experiment","r0-style0-mode0","System.Void PlayerSkills::BeforeMuscles(UnityEngine.Component)","18706","85.933100","9.18775793862932","4.59387896931466"
"candidate","experiment","r0-style0-mode0","System.Void PlayerMovement::BeforeMuscles(UnityEngine.Component)","18706","43.209000","4.61980113332621","2.3099005666631"
"candidate","experiment","r0-style0-mode0","System.Void PlayerMovement::Update()","18706","79.639500","8.51486154175131","4.25743077087566"
"candidate","experiment","r0-style0-mode0","System.Void PlayerMovement::FixedUpdate()","334","0.063300","0.00676788196300652","0.189520958083832"
"candidate","experiment","r0-style0-mode0","System.Void ZhaoHeader::BeforeMuscles(UnityEngine.Component)","18706","14.598300","1.56081471185716","0.780407355928579"
"candidate","experiment","r0-style0-mode0","System.Void ZhaoHeader::LateUpdate()","9353","10.174000","1.08777932214263","1.08777932214263"
"candidate","experiment","r0-style0-mode0","System.Void PowerShot::FixedUpdate()","334","0.333600","0.0356677002031434","0.998802395209581"
"candidate","experiment","r0-style0-mode0","System.Boolean PowerShot::OnBallCollision(UnityEngine.Collision2D)","21","0.092200","0.00985779963648027","4.39047619047619"
"candidate","experiment","r0-style0-mode0","System.Void MagneticFoot::BeforeMuscles(UnityEngine.Component)","18706","11.020500","1.17828504223244","0.589142521116219"
"candidate","experiment","r0-style0-mode0","System.Void ExperimentScale::OnBallCollision(UnityEngine.Collision2D)","21","0.117500","0.0125628140703518","5.59523809523809"
"candidate","experiment","r0-style0-mode0","System.Boolean ExperimentActor::CanCorrect(System.String)","11","0.004500","0.000481129049502833","0.409090909090909"
"candidate","experiment","r0-style0-mode1","System.Void BallBoundaryGuard::FixedUpdate()","200","1.942000","0.221866788529647","9.71"
"candidate","experiment","r0-style0-mode1","System.Void GameAIMod::UpdateDecision(UnityEngine.Component,GameAIMod/AIState)","92239","117.640100","13.4399748657603","1.27538351456542"
"candidate","experiment","r0-style0-mode1","System.Void PlayerSkills::OnBallCollision(UnityEngine.Collision2D)","237","0.918400","0.104924026048212","3.87510548523207"
"candidate","experiment","r0-style0-mode1","System.Void PlayerSkills::BeforeMuscles(UnityEngine.Component)","17506","268.484000","30.6733691305838","15.3366845652919"
"candidate","experiment","r0-style0-mode1","System.Void PlayerMovement::BeforeMuscles(UnityEngine.Component)","17506","41.526100","4.74421341254427","2.37210670627214"
"candidate","experiment","r0-style0-mode1","System.Void PlayerMovement::Update()","17506","53.524400","6.11497772192391","3.05748886096196"
"candidate","experiment","r0-style0-mode1","System.Void PlayerMovement::FixedUpdate()","400","0.041400","0.00472980692334057","0.1035"
"candidate","experiment","r0-style0-mode1","System.Void ZhaoHeader::BeforeMuscles(UnityEngine.Component)","17506","200.813000","22.9421912487147","11.4710956243574"
"candidate","experiment","r0-style0-mode1","System.Void ZhaoHeader::LateUpdate()","8753","16.761600","1.9149548726151","1.9149548726151"
"candidate","experiment","r0-style0-mode1","System.Void PowerShot::FixedUpdate()","400","0.396100","0.0452530560950531","0.99025"
"candidate","experiment","r0-style0-mode1","System.Boolean PowerShot::OnBallCollision(UnityEngine.Collision2D)","237","0.618200","0.0706272135267908","2.6084388185654"
"candidate","experiment","r0-style0-mode1","System.Void MagneticFoot::BeforeMuscles(UnityEngine.Component)","17506","10.431000","1.19170570090255","0.595852850451274"
"candidate","experiment","r0-style0-mode1","System.Void ExperimentScale::OnBallCollision(UnityEngine.Collision2D)","237","1.181300","0.134959442476865","4.98438818565401"
"candidate","experiment","r0-style0-mode1","System.Boolean ExperimentActor::CanCorrect(System.String)","45","0.413500","0.0472409459613847","9.18888888888889"
"candidate","experiment","r0-style0-mode2","System.Void BallBoundaryGuard::FixedUpdate()","168","0.938800","0.101601731601732","5.58809523809524"
"candidate","experiment","r0-style0-mode2","System.Void GameAIMod::UpdateDecision(UnityEngine.Component,GameAIMod/AIState)","91165","83.210500","9.00546536796537","0.91274611967312"
"candidate","experiment","r0-style0-mode2","System.Void PlayerSkills::OnBallCollision(UnityEngine.Collision2D)","215","2.225700","0.240876623376623","10.3520930232558"
"candidate","experiment","r0-style0-mode2","System.Void PlayerSkills::BeforeMuscles(UnityEngine.Component)","18480","83.346000","9.02012987012987","4.51006493506493"
"candidate","experiment","r0-style0-mode2","System.Void PlayerMovement::BeforeMuscles(UnityEngine.Component)","18480","42.163500","4.56314935064935","2.28157467532468"
"candidate","experiment","r0-style0-mode2","System.Void PlayerMovement::Update()","18480","71.922800","7.78385281385281","3.89192640692641"
"candidate","experiment","r0-style0-mode2","System.Void PlayerMovement::FixedUpdate()","336","0.034000","0.00367965367965368","0.101190476190476"
"candidate","experiment","r0-style0-mode2","System.Void ZhaoHeader::BeforeMuscles(UnityEngine.Component)","18480","14.005500","1.51574675324675","0.757873376623377"
"candidate","experiment","r0-style0-mode2","System.Void ZhaoHeader::LateUpdate()","9240","10.248200","1.10911255411255","1.10911255411255"
"candidate","experiment","r0-style0-mode2","System.Void PowerShot::FixedUpdate()","336","0.306800","0.0332034632034632","0.913095238095238"
"candidate","experiment","r0-style0-mode2","System.Boolean PowerShot::OnBallCollision(UnityEngine.Collision2D)","215","1.974400","0.213679653679654","9.18325581395349"
"candidate","experiment","r0-style0-mode2","System.Void MagneticFoot::BeforeMuscles(UnityEngine.Component)","18480","10.716300","1.15977272727273","0.579886363636364"
"candidate","experiment","r0-style0-mode2","System.Void ExperimentScale::OnBallCollision(UnityEngine.Collision2D)","215","1.064200","0.11517316017316","4.94976744186047"
"candidate","experiment","r0-style0-mode2","System.Boolean ExperimentActor::CanCorrect(System.String)","43","0.342200","0.037034632034632","7.95813953488372"
"candidate","experiment","r0-style1-mode0","System.Void BallBoundaryGuard::FixedUpdate()","200","1.987000","0.279229904440697","9.935"
"candidate","experiment","r0-style1-mode0","System.Void PlayerSkills::Update()","14232","48.887700","6.87010961214165","3.43505480607083"
"candidate","experiment","r0-style1-mode0","System.Void PlayerSkills::FixedUpdate()","400","6.460300","0.907855536818437","16.15075"
"candidate","experiment","r0-style1-mode0","System.Void PlayerSkills::OnBallCollision(UnityEngine.Collision2D)","5","0.025800","0.0036256323777403","5.16"
"candidate","experiment","r0-style1-mode0","System.Void PlayerSkills::BeforeMuscles(UnityEngine.Component)","14232","134.509100","18.9023468240585","9.45117341202923"
"candidate","experiment","r0-style1-mode0","System.Single PlayerSkills::DropClearance()","23","0.315800","0.0443788645306352","13.7304347826087"
"candidate","experiment","r0-style1-mode0","System.Void PlayerMovement::BeforeMuscles(UnityEngine.Component)","14232","77.767900","10.9285975267004","5.4642987633502"
"candidate","experiment","r0-style1-mode0","System.Void PlayerMovement::Update()","14232","181.357200","25.4858347386172","12.7429173693086"
"candidate","experiment","r0-style1-mode0","System.Void PlayerMovement::FixedUpdate()","400","1.794600","0.252192242833052","4.4865"
"candidate","experiment","r0-style1-mode0","System.Void ZhaoHeader::BeforeMuscles(UnityEngine.Component)","14232","11.880300","1.66951939291737","0.834759696458685"
"candidate","experiment","r0-style1-mode0","System.Void ZhaoHeader::LateUpdate()","7116","8.197900","1.15203766160764","1.15203766160764"
"candidate","experiment","r0-style1-mode0","System.Void PowerShot::FixedUpdate()","400","0.370600","0.052079820123665","0.9265"
"candidate","experiment","r0-style1-mode0","System.Boolean PowerShot::OnBallCollision(UnityEngine.Collision2D)","5","0.008200","0.00115233277121979","1.64"
"candidate","experiment","r0-style1-mode0","System.Boolean MagneticFoot::Eligible()","14432","14.216400","1.99780775716695","0.985060975609756"
"candidate","experiment","r0-style1-mode0","System.Void MagneticFoot::BeforeMuscles(UnityEngine.Component)","14232","17.421100","2.44815907813378","1.22407953906689"
"candidate","experiment","r0-style1-mode0","System.Void MagneticFoot::Update()","7116","7.877200","1.10697020798201","1.10697020798201"
"candidate","experiment","r0-style1-mode0","System.Void MagneticFoot::FixedUpdate()","200","0.330400","0.0464305789769534","1.652"
"candidate","experiment","r0-style1-mode0","System.Void ExperimentScale::OnBallCollision(UnityEngine.Collision2D)","5","0.010000","0.0014052838673412","2"
"candidate","experiment","r0-style1-mode1","System.Void BallBoundaryGuard::FixedUpdate()","170","0.977100","0.139685489635454","5.74764705882353"
"candidate","experiment","r0-style1-mode1","System.Void GameAIMod::UpdateDecision(UnityEngine.Component,GameAIMod/AIState)","76749","130.026900","18.5885489635454","1.69418363757183"
"candidate","experiment","r0-style1-mode1","System.Void PlayerSkills::Update()","13990","51.067800","7.30061472480343","3.65030736240172"
"candidate","experiment","r0-style1-mode1","System.Void PlayerSkills::FixedUpdate()","340","7.616000","1.08877769835597","22.4"
"candidate","experiment","r0-style1-mode1","System.Void PlayerSkills::OnBallCollision(UnityEngine.Collision2D)","294","3.436500","0.491279485346676","11.6887755102041"
"candidate","experiment","r0-style1-mode1","System.Void PlayerSkills::BeforeMuscles(UnityEngine.Component)","13990","231.901000","33.1523945675482","16.5761972837741"
"candidate","experiment","r0-style1-mode1","System.Single PlayerSkills::DropClearance()","56","0.880800","0.125918513223731","15.7285714285714"
"candidate","experiment","r0-style1-mode1","System.Void PlayerMovement::BeforeMuscles(UnityEngine.Component)","13990","60.419900","8.63758398856326","4.31879199428163"
"candidate","experiment","r0-style1-mode1","System.Void PlayerMovement::Update()","13990","167.267500","23.9124374553252","11.9562187276626"
"candidate","experiment","r0-style1-mode1","System.Void PlayerMovement::FixedUpdate()","340","1.391900","0.198984989278056","4.09382352941176"
"candidate","experiment","r0-style1-mode1","System.Void ZhaoHeader::BeforeMuscles(UnityEngine.Component)","13990","125.081700","17.8815868477484","8.9407934238742"
"candidate","experiment","r0-style1-mode1","System.Void ZhaoHeader::LateUpdate()","6995","11.905500","1.70200142959257","1.70200142959257"
"candidate","experiment","r0-style1-mode1","System.Void PowerShot::FixedUpdate()","340","0.307000","0.0438884917798427","0.902941176470588"
"candidate","experiment","r0-style1-mode1","System.Boolean PowerShot::OnBallCollision(UnityEngine.Collision2D)","294","2.085700","0.298170121515368","7.09421768707483"
"candidate","experiment","r0-style1-mode1","System.Boolean MagneticFoot::Eligible()","14160","10.429900","1.4910507505361","0.736574858757062"
"candidate","experiment","r0-style1-mode1","System.Void MagneticFoot::BeforeMuscles(UnityEngine.Component)","13990","15.469200","2.21146533238027","1.10573266619014"
"candidate","experiment","r0-style1-mode1","System.Void MagneticFoot::Update()","6995","6.469000","0.924803431022159","0.924803431022159"
"candidate","experiment","r0-style1-mode1","System.Void MagneticFoot::FixedUpdate()","170","0.185100","0.0264617583988563","1.08882352941176"
"candidate","experiment","r0-style1-mode1","System.Void ExperimentScale::OnBallCollision(UnityEngine.Collision2D)","294","1.379400","0.197197998570407","4.69183673469388"
"candidate","experiment","r0-style1-mode1","System.Boolean ExperimentActor::CanCorrect(System.String)","125","0.430600","0.0615582558970693","3.4448"
"candidate","experiment","r0-style1-mode2","System.Void BallBoundaryGuard::FixedUpdate()","174","1.022100","0.146202260048634","5.87413793103448"
"candidate","experiment","r0-style1-mode2","System.Void GameAIMod::UpdateDecision(UnityEngine.Component,GameAIMod/AIState)","69183","127.537900","18.2431554856244","1.84348611653152"
"candidate","experiment","r0-style1-mode2","System.Void PlayerSkills::Update()","13982","42.684500","6.10563581747962","3.05281790873981"
"candidate","experiment","r0-style1-mode2","System.Void PlayerSkills::FixedUpdate()","348","6.130300","0.876884565870405","17.6158045977011"
"candidate","experiment","r0-style1-mode2","System.Void PlayerSkills::OnBallCollision(UnityEngine.Collision2D)","65","1.500400","0.214618795594336","23.0830769230769"
"candidate","experiment","r0-style1-mode2","System.Void PlayerSkills::BeforeMuscles(UnityEngine.Component)","13982","134.232000","19.2006865970534","9.60034329852668"
"candidate","experiment","r0-style1-mode2","System.Single PlayerSkills::DropClearance()","88","1.354700","0.193777714203977","15.3943181818182"
"candidate","experiment","r0-style1-mode2","System.Void PlayerMovement::BeforeMuscles(UnityEngine.Component)","13982","74.837300","10.7048061793735","5.35240308968674"
"candidate","experiment","r0-style1-mode2","System.Void PlayerMovement::Update()","13982","167.318000","23.9333428694035","11.9666714347018"
"candidate","experiment","r0-style1-mode2","System.Void PlayerMovement::FixedUpdate()","348","1.557800","0.222829352024031","4.4764367816092"
"candidate","experiment","r0-style1-mode2","System.Void ZhaoHeader::BeforeMuscles(UnityEngine.Component)","13982","11.277500","1.61314547275068","0.80657273637534"
"candidate","experiment","r0-style1-mode2","System.Void ZhaoHeader::LateUpdate()","6991","8.169900","1.16863109712488","1.16863109712488"
"candidate","experiment","r0-style1-mode2","System.Void PowerShot::FixedUpdate()","348","0.311100","0.0445000715205264","0.893965517241379"
"candidate","experiment","r0-style1-mode2","System.Boolean PowerShot::OnBallCollision(UnityEngine.Collision2D)","65","0.240600","0.0344156772993849","3.70153846153846"
"candidate","experiment","r0-style1-mode2","System.Boolean MagneticFoot::Eligible()","14156","12.132300","1.73541696466886","0.857042949985872"
"candidate","experiment","r0-style1-mode2","System.Void MagneticFoot::BeforeMuscles(UnityEngine.Component)","13982","15.885600","2.2722929480761","1.13614647403805"
"candidate","experiment","r0-style1-mode2","System.Void MagneticFoot::Update()","6991","7.297600","1.04385638678301","1.04385638678301"
"candidate","experiment","r0-style1-mode2","System.Void MagneticFoot::FixedUpdate()","174","0.208700","0.0298526677156344","1.19942528735632"
"candidate","experiment","r0-style1-mode2","System.Void ExperimentScale::OnBallCollision(UnityEngine.Collision2D)","65","0.324700","0.0464454298383636","4.99538461538461"
"candidate","experiment","r0-style1-mode2","System.Boolean ExperimentActor::CanCorrect(System.String)","47","0.167900","0.0240165927621227","3.57234042553192"
