"edition","name","repeat","calls","old_ms","new_ms","old_gc","new_gc"
"original","raycast","0","10000","302.0039","238.0748","156","0"
"original","raycast","1","10000","299.1733","238.6672","156","0"
"original","raycast","2","10000","302.9051","240.8762","156","0"
"original","animation","0","10000","4.339","2.5119","2","0"
"original","animation","1","10000","4.4758","2.4924","2","0"
"original","animation","2","10000","4.1889","2.5244","2","0"
"original","reflection","0","10000","20.9134","7.2848","2","1"
"original","reflection","1","10000","20.8918","7.2401","2","1"
"original","reflection","2","10000","21.0948","7.4475","2","1"
"original","roster","0","10000","41.2296","2.4399","4","0"
"original","roster","1","10000","40.0537","2.4022","4","0"
"original","roster","2","10000","43.1055","2.4231","4","0"
"original","input-codec","0","10000","21.268","1.4672","25","0"
"original","input-codec","1","10000","20.8587","1.1651","26","0"
"original","input-codec","2","10000","22.6955","1.061","26","0"
"original","snapshot-codec","0","10000","288.3834","28.0901","394","0"
"original","snapshot-codec","1","10000","286.9894","28.0825","409","0"
"original","snapshot-codec","2","10000","284.9158","28.1094","409","0"
"original","gui-style","0","10000","14.7033","0.6258","9","0"
"original","gui-style","1","10000","15.7149","0.6174","10","0"
"original","gui-style","2","10000","15.9373","0.6061","10","0"
"experiment","raycast","0","10000","332.471","238.7805","156","0"
"experiment","raycast","1","10000","325.6291","237.6699","156","0"
"experiment","raycast","2","10000","316.9514","250.9005","156","0"
"experiment","animation","0","10000","4.8815","2.7627","2","0"
"experiment","animation","1","10000","4.6425","2.5521","2","0"
"experiment","animation","2","10000","4.4334","2.5312","2","0"
"experiment","reflection","0","10000","22.4794","7.498","3","1"
"experiment","reflection","1","10000","23.5242","7.9639","3","1"
"experiment","reflection","2","10000","21.2942","7.7982","3","1"
"experiment","roster","0","10000","46.6043","2.4652","4","0"
"experiment","roster","1","10000","46.1967","2.5729","4","0"
"experiment","roster","2","10000","45.6296","2.4981","4","0"
"experiment","input-codec","0","10000","23.2843","1.0803","27","0"
"experiment","input-codec","1","10000","23.8264","1.0328","28","0"
"experiment","input-codec","2","10000","23.6979","1.0667","28","0"
"experiment","snapshot-codec","0","10000","298.9448","26.8436","425","0"
"experiment","snapshot-codec","1","10000","362.1027","26.535","434","0"
"experiment","snapshot-codec","2","10000","313.9379","26.8396","434","0"
"experiment","gui-style","0","10000","15.6339","0.6075","9","0"
"experiment","gui-style","1","10000","16.8986","0.6358","11","0"
"experiment","gui-style","2","10000","17.1705","0.6652","10","0"
