"frames","seconds","mean_ms","p95_ms","p99_ms","max_ms","over33","over50","fixed_steps","gc0","gc1","gc2","heap_start","heap_end","cpu_gpu","phase","edition","scenario"
"8627","4.000230","0.463670","0.681000","0.923400","5.888300","0","0","166","6","6","6","10137600","11231232","unavailable-release-player","baseline","original","r0-style0-mode0"
"8684","4.000049","0.460604","0.672700","0.889500","3.656700","0","0","169","5","5","5","10440704","10555392","unavailable-release-player","baseline","original","r0-style0-mode1"
"9506","4.000204","0.420796","0.570600","0.865200","1.627700","0","0","167","6","6","6","11460608","10170368","unavailable-release-player","baseline","original","r0-style0-mode2"
"7194","4.000525","0.555906","0.743000","1.056000","1.672300","0","0","177","15","15","15","8970240","10522624","unavailable-release-player","baseline","original","r0-style1-mode0"
"6824","4.000294","0.586172","0.782500","1.109800","2.018500","0","0","171","14","14","14","11272192","9084928","unavailable-release-player","baseline","original","r0-style1-mode1"
"5833","4.001518","0.685842","1.145900","1.763100","3.627500","0","0","186","15","15","15","9687040","9216000","unavailable-release-player","baseline","original","r0-style1-mode2"
"8747","4.000043","0.457287","0.675800","0.925200","1.910800","0","0","200","6","6","6","9990144","11411456","unavailable-release-player","baseline","experiment","r0-style0-mode0"
"8033","4.000312","0.497961","0.756100","1.023400","3.503400","0","0","176","5","5","5","10661888","11128832","unavailable-release-player","baseline","experiment","r0-style0-mode1"
"8082","4.000515","0.494973","0.789800","1.048700","1.725600","0","0","181","5","5","5","10645504","11026432","unavailable-release-player","baseline","experiment","r0-style0-mode2"
"7939","4.001442","0.503865","0.764200","1.215700","3.557700","0","0","200","10","10","10","10272768","9637888","unavailable-release-player","baseline","experiment","r0-style1-mode0"
"6577","4.000391","0.608177","0.858900","1.109800","1.741300","0","0","166","14","14","14","11366400","8876032","unavailable-release-player","baseline","experiment","r0-style1-mode1"
"6734","4.000580","0.593964","0.872200","1.198800","2.309500","0","0","172","14","14","14","9646080","8982528","unavailable-release-player","baseline","experiment","r0-style1-mode2"
"9859","4.000258","0.405730","0.586800","0.828100","4.550000","0","0","164","7","7","7","10334208","11112448","unavailable-release-player","candidate","original","r0-style0-mode0"
"8746","4.000312","0.457374","0.650100","0.937400","4.602800","0","0","168","5","5","5","10485760","10407936","unavailable-release-player","candidate","original","r0-style0-mode1"
"9749","4.000454","0.410331","0.560900","0.771600","1.680500","0","0","167","6","6","6","11239424","10129408","unavailable-release-player","candidate","original","r0-style0-mode2"
"7303","4.000046","0.547670","0.721600","0.984200","1.696700","0","0","180","15","15","15","9183232","11255808","unavailable-release-player","candidate","original","r0-style1-mode0"
"7123","4.000391","0.561552","0.781000","1.020500","2.160100","0","0","180","14","14","14","9887744","11132928","unavailable-release-player","candidate","original","r0-style1-mode1"
"6780","4.000397","0.589991","0.813600","1.130400","1.736600","0","0","186","15","15","15","10436608","9502720","unavailable-release-player","candidate","original","r0-style1-mode2"
"9353","4.000022","0.427659","0.602400","0.776000","3.819600","0","0","167","7","7","7","10272768","9916416","unavailable-release-player","candidate","experiment","r0-style0-mode0"
"8753","4.000132","0.456987","0.646800","0.831500","1.315600","0","0","200","5","5","5","10854400","11096064","unavailable-release-player","candidate","experiment","r0-style0-mode1"
"9240","4.000328","0.432922","0.602100","0.825300","2.516600","0","0","168","6","6","6","11141120","9285632","unavailable-release-player","candidate","experiment","r0-style0-mode2"
"7116","4.000458","0.562047","0.746700","1.006000","2.016300","0","0","200","15","15","15","9224192","9449472","unavailable-release-player","candidate","experiment","r0-style1-mode0"
"6995","4.000422","0.571841","0.776000","1.038200","1.771100","0","0","170","14","14","14","9957376","10141696","unavailable-release-player","candidate","experiment","r0-style1-mode1"
"6991","4.000404","0.572171","0.765900","1.068000","2.023000","0","0","174","14","14","14","11071488","11538432","unavailable-release-player","candidate","experiment","r0-style1-mode2"
