"name","sha256"
"AbilityMode.cs","bd45286bf23678cca6af38f5bc04b8574fe08076feb5945199056ca09b4d5c53"
"ControlBindings.cs","6b3bc58db6f9422d7b204c844edc5839eda6dad6a6da1221ec2de4109b6c7ea2"
"GameAIMod.cs","a311877ad97ae97dfa801c1cb0c1fb908d3737c52e570629e240aad43eb80cda"
"LanMultiplayer.cs","3b385783306d4c01c4b105ed28d0535e4a0798635e3ef2759ab8f79fe8a4a3b1"
"MagneticFoot.cs","9fcda81e48b009f353a0225355fe2a729d9564c274ddbed20217fe0ed8e151e1"
"MenuBackdrop.cs","e583a3c41d73610337274fe0b5e81f64a8041e1eaa6099d948b707bb881000f5"
"PatchGame.cs","b359bd1cf320835a22df44d6178f217c31583d5e7e82dcd225742d8f8634d215"
"PlayerMovement.cs","d3dede49c7aada42039e04a6cb0f387b4961bd03c7c1e16694b1da4e4be697a1"
"PlayerSkills.cs","acc698242172f0a6bbee323c4e696ba6b04822dd25357d8dd4ba6f23dbf5c95a"
"PowerShot.cs","2d66ff092ecff96f81b73cb46436a49e1735f6a05d665334f12a6f941ecbb2e3"
"ZhaoHeader.cs","d185f098313a1540af48fb1d4add1d5fae06b4b5b3ff45b47294c101db827f0f"
