goal,match,scorer,zhao_reward,fan_score,zhao_score,time,ball_x,ball_y,ball_vx,ball_vy,zhao_x,zhao_y,high_plan,target_x,eta,rescue,last_touch,last_touch_time,last_rescue_time
1,1,Zhao,1,0,1,6.100,-5.940276,0.1639468,-4.481952,4.066765,-4.654148,-0.02448642,False,-5.651219,0.12,False,Zhao,5.98,-100
2,1,Fan,-1,1,1,12.180,6.122461,1.999893,11.27107,-2.56208,4.819427,0.5157373,False,-1.79622,0.12,True,Zhao,11.76,11.32754
3,1,Fan,-1,2,1,16.000,6.009053,-1.223975,4.383609,0.172255,5.938032,1.450759,False,5.601219,0.12,False,Fan,15.3,15.22472
4,1,Fan,-1,3,1,19.560,5.992034,-0.2584228,6.523558,0.8313072,3.687795,-0.4297444,False,3.412301,0.12,True,Zhao,18.96,19.04549
5,1,Fan,-1,4,1,24.580,5.916348,1.457219,2.192586,-5.797611,6.365743,-0.3080077,True,5.651219,2.4,False,Zhao,23.62,19.04549
6,1,Fan,-1,5,1,28.060,6.074046,2.038437,-7.912851,-5.294146,5.925486,0.7078142,False,5.651219,2.4,True,Zhao,27.96,28.02345
7,1,Zhao,1,5,2,36.340,-5.936032,-0.6853713,-4.06974,-6.990601,-3.229075,0.108434,False,-5.651219,0.12,False,Fan,34.44,28.02345
8,1,Fan,-1,6,2,39.940,6.123403,1.800163,8.083157,-3.523819,4.899549,0.7938949,False,5.651219,2.4,True,Zhao,39.24,39.26545
9,1,Zhao,1,6,3,49.600,-5.868938,-1.546641,-1.137866,0,-4.278258,-0.1695453,False,-4.509026,0.12,False,Fan,49.56,39.26545
10,1,Fan,-1,7,3,53.000,6.181201,0.1199997,11.115,-6.230002,3.49984,0.9818062,False,5.651219,2.4,True,Fan,51.58,52.54408
11,1,Zhao,1,7,4,58.400,-5.872218,-0.953429,-3.541645,-1.370353,-4.289933,-0.04515804,False,-5.651219,0.12,False,Fan,58.36,52.54408
12,1,Fan,-1,8,4,61.800,6.181201,0.1199997,11.115,-6.230002,3.484269,0.9017031,False,5.651219,2.4,True,Fan,60.34,61.32488
13,1,Zhao,1,8,5,66.080,-5.928094,-0.2888674,-5.130022,-1.248424,-2.567023,-0.2149948,False,-5.651219,0.12,False,Fan,65.14,61.32488
14,1,Fan,-1,9,5,69.480,6.181201,0.1199997,11.115,-6.230002,3.595906,0.7114282,False,5.651219,2.4,True,Fan,68.04,69.00569
15,1,Zhao,1,9,6,75.480,-5.920112,-0.02530236,-3.300763,-1.616718,-3.413738,0.8782046,False,-5.651219,0.12,False,Zhao,74.04,69.00569
16,1,Fan,-1,10,6,80.020,6.126565,1.938325,7.547693,-5.134151,5.725503,1.268476,False,5.651219,2.4,True,Zhao,79,79.06514
17,1,Zhao,1,10,7,85.320,-5.904778,-0.3721488,-3.411427,-3.706432,-3.971002,0.1054163,False,-5.651219,0.12,False,Fan,83.5,79.06514
18,1,Fan,-1,11,7,90.220,6.260061,1.497762,11.115,-3.486001,4.436193,0.04806174,False,5.651219,2.4,True,Zhao,88.16,89.64371
19,2,Fan,-1,1,0,97.400,6.184114,-1.546277,9.037316,0,5.59063,0.5617316,False,5.601219,0.12,True,Fan,97.16,97.24532
20,2,Zhao,1,1,1,107.480,-5.856075,-0.4321717,-1.741535,0.8765754,-5.368527,-0.1033356,False,-5.350317,0.12,False,Zhao,107.46,97.24532
21,2,Fan,-1,2,1,122.700,6.231938,0.447411,11.115,-6.230002,3.32708,0.04411268,False,5.651219,2.4,True,Fan,121.78,121.9069
22,2,Fan,-1,3,1,127.820,5.93896,-1.548895,4.104313,-0.1570143,5.824858,0.2242961,False,5.601219,0.12,False,Zhao,127.8,125.9445
23,2,Fan,-1,4,1,134.720,6.001307,-1.5465,5.612769,0,3.727097,0.9340856,False,3.671525,0.12,True,Zhao,134.18,134.2052
24,2,Zhao,1,4,2,139.320,-5.96654,-1.315448,-4.718521,2.155926,-3.929866,-0.08251324,False,-5.651219,0.12,False,Fan,138.92,134.2052
25,2,Zhao,1,4,3,145.800,-6.014783,0.156005,-9.081365,-1.469278,-3.106772,0.003064435,False,-5.651219,0.12,False,Fan,145.5,142.3479
26,2,Zhao,1,4,4,154.460,-5.906957,0.556624,-3.532295,-2.432195,-4.478526,0.052772,False,-5.377603,0.12,False,Fan,153.96,148.785
27,2,Fan,-1,5,4,157.880,6.181201,0.01415966,11.115,-6.230002,3.343883,0.9383245,False,5.651219,2.4,True,Fan,156.04,157.4279
28,2,Zhao,1,5,5,162.400,-6.007957,-1.423883,-9.746903,1.58167,-3.879283,-0.1044236,False,-5.651219,0.12,False,Fan,162.34,157.4279
29,2,Fan,-1,6,5,165.800,6.181201,0.1199997,11.115,-6.230002,3.381492,1.281422,False,5.651219,2.4,True,Fan,164.22,165.3479
30,2,Fan,-1,7,5,173.740,6.15758,-1.546187,12.05052,0,5.509554,0.9125618,False,0.9703169,0.12,True,Fan,173.6,172.4053
31,2,Fan,-1,8,5,177.680,5.983228,-1.488423,4.958001,0.6307695,3.730861,0.09378127,False,2.647823,0.12,True,Zhao,176.92,176.9061
32,3,Fan,-1,1,0,186.160,5.911819,-1.5465,1.730707,0,5.135448,2.108506,False,1.531483,0.12,True,Zhao,182.5,185.5646
33,3,Zhao,1,1,1,199.320,-5.838735,-1.5465,-1.419238,0,-4.073552,0.02274856,False,-5.409043,0.12,False,Fan,199.28,189.9643
34,3,Fan,-1,2,1,202.740,6.181201,0.01415966,11.115,-6.230002,3.448306,0.7699494,False,5.651219,2.4,True,Fan,201.28,202.2637
35,3,Zhao,1,2,2,207.540,-5.976712,-1.261558,-5.712943,-1.829442,-3.979921,-0.1716229,False,-5.651219,0.12,False,Fan,207.32,202.2637
36,3,Fan,-1,3,2,210.940,6.181201,0.1199997,11.115,-6.230002,3.495452,0.9621681,False,5.651219,2.4,True,Fan,209.4,210.4664
37,3,Fan,-1,4,2,215.200,5.923621,-1.158812,2.527884,-5.212258,4.448656,0.0881503,False,2.847996,0.12,True,Zhao,213.92,213.9647
38,3,Fan,-1,5,2,219.240,6.245205,1.692152,11.115,-2.898,4.634373,-1.223349,False,5.651219,2.4,True,Zhao,218.12,218.8454
39,3,Fan,-1,6,2,227.080,5.916751,-0.918039,2.115349,-4.68964,4.198137,0.1427327,False,-0.133417,0.04,True,Zhao,223.84,226.7252
40,3,Fan,-1,7,2,244.320,6.047801,-1.54649,6.08442,0,6.137739,0.5618272,False,5.601219,0.12,False,Fan,243.78,242.7658
41,3,Zhao,1,7,3,248.920,-5.895078,0.2706807,-3.215121,-0.9803329,-2.745413,-0.07748213,False,-5.651219,0.12,False,Zhao,247.42,242.7658
42,3,Fan,-1,8,3,254.100,6.15421,1.904684,-4.314437,-7.259999,6.092552,-0.4070683,True,5.651219,2.4,False,Fan,253.88,251.8848
43,3,Fan,-1,9,3,260.040,6.188688,0.09184118,11.115,-4.858001,3.864441,-0.3901993,False,5.651219,2.4,True,Fan,257.78,259.3452
44,4,Fan,-1,1,0,278.720,5.96051,-1.5465,3.583073,0,3.913355,1.062289,False,-1.394784,0.12,True,Zhao,277.94,278.5251
45,4,Zhao,1,1,1,288.120,-5.885632,0.2848241,-3.310674,-0.8883449,-2.476392,-0.0351952,False,-5.651219,0.12,False,Fan,286.4,282.804
46,4,Fan,-1,2,1,291.640,6.126181,1.577674,8.811801,-3.730337,4.528177,0.771875,False,5.651219,2.4,True,Zhao,291.02,291.0446
47,4,Zhao,1,2,2,296.000,-5.95867,-1.05431,-4.679493,5.726847,-3.415652,0.05685544,False,-5.651219,0.12,False,Fan,294.82,291.0446
48,4,Fan,-1,3,2,300.960,6.150276,0.9254094,11.115,-2.506001,4.043133,-0.1610708,False,0.9587159,0.04,True,Zhao,300.46,300.4849
49,4,Zhao,1,3,3,306.180,-5.986625,-1.270926,-6.919028,4.99067,-1.033569,1.002429,False,-5.651219,0.12,False,Zhao,305.6,300.4849
50,4,Fan,-1,4,3,309.580,6.181201,0.1199997,11.115,-6.230002,3.188374,1.240783,False,5.651219,2.4,True,Fan,307.7,309.1057
51,4,Zhao,1,4,4,319.140,-5.914234,-0.4661885,-5.038447,5.701512,-3.474681,-0.1625186,False,-5.651219,0.12,False,Fan,318.62,315.0261
52,4,Fan,-1,5,4,322.540,6.181201,0.1199997,11.115,-6.230002,3.653994,1.538982,False,5.651219,2.4,True,Fan,321.06,322.0647
53,4,Zhao,1,5,5,327.640,-5.932035,-1.370749,-3.717423,-5.240915,-3.910541,-0.2525615,False,-5.651219,0.12,False,Fan,325.56,322.0647
54,4,Fan,-1,6,5,334.560,5.963502,0.5505292,3.501327,-0.1559554,6.366792,0.007844999,False,3.215753,0.12,False,Zhao,334.54,330.5858
55,4,Fan,-1,7,5,338.340,6.072727,-1.072587,5.983675,3.244775,5.043393,0.331683,False,3.291959,0.12,True,Zhao,338.02,337.7046
56,4,Zhao,1,7,6,350.520,-5.91925,-1.534102,-4.046158,0.04249109,-4.395285,0.02885037,False,-4.828489,0.12,False,Fan,350.5,341.6056
57,4,Zhao,1,7,7,355.280,-5.930327,-0.9299507,-3.989674,-9.349256,-2.292004,0.4860829,False,-5.651219,0.12,False,Zhao,353.92,341.6056
58,5,Zhao,1,0,1,367.100,-5.837834,-1.546502,-1.404322,0,-4.19575,0.05699235,False,-5.294178,0.12,False,Fan,366.76,-100
59,5,Fan,-1,1,1,373.420,6.094107,1.55948,11.41918,-2.506,4.604911,1.089818,False,5.651219,2.4,True,Fan,372.9,373.0641
60,5,Zhao,1,1,2,378.120,-6.030901,0.3267909,-7.271865,-0.6284099,-4.136314,0.04850086,False,-5.651219,0.12,False,Fan,378.06,373.0641
61,5,Fan,-1,2,2,381.520,6.181201,0.1199997,11.115,-6.230002,3.351894,1.493562,False,5.651219,2.4,True,Fan,379.92,381.0446
62,5,Zhao,1,2,3,386.380,-5.930488,-1.345185,-4.357128,4.026045,-1.215852,-0.03332573,False,-5.651219,0.12,False,Fan,385.66,381.0446
63,5,Zhao,1,2,4,392.000,-6.032407,-0.3903491,-6.422713,-5.033114,-3.2035,1.790045,False,-5.651219,0.12,False,Fan,391.44,389.4859
64,5,Fan,-1,3,4,395.520,6.092058,1.092012,8.822779,-4.588894,4.536278,0.9727385,False,5.651219,2.4,True,Zhao,394.88,394.9242
65,5,Zhao,1,3,5,401.080,-5.977372,-0.8324193,-4.792922,-2.287415,-3.038761,-0.007747553,False,-5.651219,0.12,False,Fan,400.84,394.9242
66,5,Zhao,1,3,6,405.200,-5.888415,0.05167378,-3.005069,-7.390429,-5.16171,0.7275948,False,-5.649024,0.12,False,Zhao,405.16,394.9242
67,5,Fan,-1,4,6,410.460,5.8638,1.679867,0.6980321,-1.411312,6.416279,-0.05125438,True,5.651219,2.4,False,Zhao,410.28,408.2276
68,5,Fan,-1,5,6,414.000,6.245559,-0.2488325,11.115,-0.9380001,2.300676,1.230927,False,3.58581,0.12,True,Fan,413.64,413.6446
69,5,Fan,-1,6,6,419.660,5.945289,-1.546658,2.782321,7.957533E-08,5.6694,0.1855828,False,2.675798,0.12,True,Zhao,419.64,418.9641
70,5,Zhao,1,6,7,431.880,-5.851388,-1.538682,-1.745758,0.1005296,-4.975214,0.3011582,False,-5.325995,0.12,False,Fan,431.84,420.6039
71,5,Fan,-1,7,7,444.380,6.141199,-0.652753,7.908745,5.559735,3.421811,-0.01344941,False,-1.688522,0.28,True,Zhao,443.78,443.1854
72,5,Fan,-1,8,7,449.500,5.905398,-1.5465,2.606821,0,5.683814,2.065033,False,3.078971,0.12,True,Zhao,448.92,447.6278
73,6,Zhao,1,0,1,453.780,-5.911066,-1.54666,-5.010317,0,-2.926585,0.1628532,False,-5.651219,0.12,False,Fan,452.98,-100
74,6,Fan,-1,1,1,458.620,6.073032,1.696918,8.045571,-3.326885,5.695472,0.1427296,False,3.509011,0.12,True,Zhao,458.22,458.304
75,6,Zhao,1,1,2,467.460,-5.988806,2.131215,-8.46783,-0.6453765,-2.841834,0.8686333,True,-5.651219,2.4,False,Fan,467.06,460.2042
76,6,Fan,-1,2,2,472.800,6.002308,-1.221766,4.355536,4.906303,3.923738,-0.1532334,False,2.09764,0.04,True,Zhao,472.08,472.1859
77,6,Fan,-1,3,2,479.780,6.129665,1.221758,9.243675,-0.1029109,6.023174,0.01946386,False,5.651219,2.4,True,Zhao,479.76,479.7655
78,6,Zhao,1,3,3,485.120,-5.95369,0.09653315,-7.920932,-5.964189,-3.881855,0.09101129,False,-5.651219,0.12,False,Fan,485.06,479.7655
79,6,Fan,-1,4,3,503.300,6.283968,1.679818,11.115,-3.028572,3.572184,-1.025786,False,5.651219,2.4,True,Fan,502.44,502.5467
80,6,Zhao,1,4,4,512.440,-5.936495,-1.504712,-6.298172,0.7570674,-3.64865,-0.05904267,False,-5.651219,0.12,False,Fan,512.36,504.948
81,6,Fan,-1,5,4,515.940,6.123043,0.7630391,9.398298,-4.771822,4.192251,1.329238,False,5.651219,2.4,True,Zhao,515.36,515.3865
82,6,Fan,-1,6,4,522.260,5.977869,1.876183,5.828504,4.276594,5.993584,0.6877533,True,5.651219,2.4,False,Zhao,522.2,521.6448
83,6,Fan,-1,7,4,537.520,6.263886,-1.083728,11.115,-6.230002,3.400214,-0.6263496,False,-0.9166151,0.12,True,Zhao,536.58,536.7064
84,7,Zhao,1,0,1,546.820,-5.828086,-1.5465,-1.489337,0,-4.716313,-0.07474004,False,-5.258058,0.12,False,Fan,546.7,-100
85,7,Zhao,1,0,2,550.600,-5.975126,-0.2884657,-6.297815,-12.12755,-2.477723,1.402746,False,-5.651219,0.12,False,Zhao,549.74,-100
86,7,Fan,-1,1,2,554.020,6.181201,0.01415966,11.115,-6.230002,3.559813,1.262167,False,5.651219,2.4,True,Fan,552.58,553.5455
87,7,Zhao,1,1,3,565.780,-5.971533,-0.4573004,-4.807495,0.2832814,-5.178675,0.007240411,False,-5.651219,0.12,False,Zhao,565.64,553.5455
88,7,Zhao,1,1,4,585.580,-5.927783,-0.6534819,-2.690403,6.030457,-4.624598,0.0649556,False,-5.650632,0.12,False,Zhao,585.56,568.948
89,7,Zhao,1,1,5,589.480,-6.044208,1.218394,-7.175625,-5.450048,-2.873091,2.448215,True,-5.651219,2.4,False,Zhao,588.6,568.948
90,7,Fan,-1,2,5,593.840,6.032479,1.982439,2.936255,-5.94108,6.340967,0.3876421,True,5.651219,2.4,False,Zhao,593.28,592.4915
91,7,Zhao,1,2,6,599.020,-5.931528,0.5337256,-4.137504,0.08064865,-2.888345,-0.1111654,False,-5.651219,0.12,False,Fan,598.24,592.4915
92,7,Fan,-1,3,6,611.660,5.971543,-1.547661,4.75389,0,5.984828,-0.01421717,False,-2.164079,0.12,False,Fan,611.56,606.546
93,7,Fan,-1,4,6,616.140,5.947473,-1.3017,2.867238,0.001242727,4.829724,1.571084,False,3.192478,0.12,True,Zhao,615.22,614.924
94,7,Fan,-1,5,6,620.020,6.064356,-0.5377834,5.82396,-0.3902516,3.790776,0.5304672,False,2.825314,0.12,True,Zhao,619.64,619.3665
95,7,Zhao,1,5,7,625.520,-5.998971,-0.1064759,-6.645003,-2.111092,-3.258294,-0.03418017,False,-5.651219,0.12,False,Fan,625.12,619.3665
96,7,Fan,-1,6,7,628.940,6.181201,0.01415966,11.115,-6.230002,3.274074,1.541991,False,5.651219,2.4,True,Fan,627.5,628.4443
97,8,Zhao,1,0,1,637.580,-5.892767,-1.250603,-4.189255,-1.230331,-4.488753,0.02118095,False,-5.651219,0.12,False,Fan,637.52,-100
98,8,Fan,-1,1,1,641.160,6.155396,1.223253,8.4784,-3.854213,4.488335,0.2072892,False,5.651219,2.4,True,Zhao,640.54,640.584
99,8,Zhao,1,1,2,645.780,-5.988643,1.20032,-5.114201,-7.488738,-1.093132,0.1975926,True,-5.651219,2.4,False,Fan,644.22,640.584
100,8,Fan,-1,2,2,649.200,6.181201,0.01415966,11.115,-6.230002,3.543575,0.8105894,False,5.651219,2.4,True,Fan,647.74,648.7252
101,8,Fan,-1,3,2,652.360,6.432167,-1.436096,16.245,0.004000008,4.035222,0.9550321,False,5.407666,0.12,True,Zhao,651.98,652.1439
102,8,Fan,-1,4,2,655.680,6.260659,0.9211605,13.33684,3.773391,3.148867,1.725233,False,4.193289,0.12,True,Fan,655.34,655.4446
103,8,Fan,-1,5,2,659.060,6.142605,0.399515,12.28866,1.702399,2.469743,1.694366,False,4.039099,0.12,True,Fan,658.7,658.8043
104,8,Zhao,1,5,3,666.380,-6.009645,-1.449502,-6.05542,5.092282,-3.275512,-0.08630154,False,-5.651219,0.12,False,Fan,666.08,658.8043
105,8,Fan,-1,6,3,678.840,5.927984,0.7698177,2.45905,-3.721282,5.306527,0.7766831,False,5.651219,2.4,True,Zhao,678.66,678.3679
106,8,Fan,-1,7,3,682.340,6.100942,-1.34936,9.712369,-3.563042,3.250256,1.074351,False,3.592985,0.12,True,Fan,681.88,681.9866
107,8,Zhao,1,7,4,701.600,-6.107536,-0.06104536,-8.560141,1.074729,-4.775768,1.140125,False,-5.651219,0.12,False,Zhao,701.5,694.647
108,8,Fan,-1,8,4,705.100,6.063785,1.236918,9.037405,-4.238074,4.027787,1.416904,False,5.651219,2.4,True,Zhao,704.48,704.5271
109,8,Fan,-1,9,4,719.460,6.059258,-1.5465,10.17465,0,4.99615,0.3025967,False,2.704638,0.12,True,Fan,719.14,718.1259
110,9,Zhao,1,0,1,725.180,-5.927391,-1.5465,-5.666871,0,-2.969856,-0.02880997,False,-5.651219,0.12,False,Fan,724.78,-100
111,9,Fan,-1,1,1,730.340,6.154075,-0.1336225,11.115,-5.054001,3.743673,-0.7412446,False,5.651219,2.4,True,Zhao,728.82,729.6254
112,9,Fan,-1,2,1,737.960,5.906526,-0.9206249,1.696703,2.35933,6.82268,-0.6192428,False,5.601219,0.12,False,Zhao,737.94,736.0867
113,9,Fan,-1,3,1,746.580,6.268772,1.722086,11.115,1.61,5.913552,0.1596709,False,5.651219,2.4,True,Zhao,745.46,746.5477
114,9,Fan,-1,4,1,755.660,5.935833,2.144708,2.863805,1.189686,5.996486,0.04673386,True,5.651219,2.4,False,Zhao,755.32,754.6451
115,9,Fan,-1,5,1,759.640,6.032778,-0.9234873,5.122949,0.8475125,3.650429,-0.1478526,False,3.013392,0.12,True,Zhao,759.12,758.8251
116,9,Zhao,1,5,2,772.660,-5.899172,-0.2119132,-4.397883,-5.226797,-3.770889,-0.02290917,False,-5.651219,0.12,False,Fan,772.06,770.1478
117,9,Fan,-1,6,2,777.620,6.247833,1.534896,12.54542,-3.867284,5.212481,1.497691,False,1.879683,0.04,True,Zhao,777.46,777.3643
118,9,Fan,-1,7,2,784.680,6.115816,-1.43307,4.499314,8.046073,3.789061,-0.06366718,False,5.651219,2.4,True,Zhao,782.86,783.7858
119,9,Fan,-1,8,2,796.700,5.991398,-1.5465,4.264968,0,5.843714,1.738357,False,5.601219,0.12,True,Fan,795.98,796.6675
120,9,Zhao,1,8,3,803.580,-5.885127,2.138017,-3.697709,2.89542,-3.780332,-0.05852853,True,-5.651219,2.4,False,Fan,802.72,796.6675
121,9,Zhao,1,8,4,807.800,-5.854511,-1.232225,-2.46757,6.6575,-4.557967,0.6543363,False,-5.550619,0.12,False,Zhao,806.5,803.9254
122,10,Fan,-1,1,0,817.540,5.925064,-1.546501,3.349478,0,5.454502,1.353416,False,1.221259,0.12,True,Zhao,817.3,816.0067
123,10,Zhao,1,1,1,822.300,-5.988473,0.3611387,-5.979502,-1.42446,-3.058516,-0.007106505,False,-5.651219,0.12,False,Fan,822.2,816.0067
124,10,Zhao,1,1,2,826.440,-5.91549,1.779177,-5.213306,-6.114753,-4.830967,2.023182,True,-5.651219,2.4,False,Zhao,825.3,816.0067
125,10,Fan,-1,2,2,830.700,5.963706,1.627141,4.023976,-6.780211,6.031222,0.04062752,True,5.651219,2.4,False,Zhao,829.34,829.426
126,10,Zhao,1,2,3,835.280,-5.862462,-0.5727765,-2.53147,5.267979,-2.042338,-0.1342891,False,-5.566239,0.12,False,Fan,833.76,829.426
127,10,Fan,-1,3,3,838.680,6.181201,0.1199997,11.115,-6.230002,3.544896,1.37398,False,5.651219,2.4,True,Fan,837.26,838.2048
128,10,Zhao,1,3,4,855.980,-5.845738,0.893913,-2.058566,-3.269629,-4.946398,-0.01806615,False,-5.492767,0.12,False,Zhao,855.72,845.6257
129,10,Fan,-1,4,4,863.700,6.142186,1.180491,9.121155,-4.296917,4.3631,0.618601,False,5.651219,2.4,True,Zhao,863.1,863.1259
130,10,Zhao,1,4,5,868.520,-6.061669,-1.259765,-10.53887,-3.281498,-3.436248,0.07684481,False,-5.651219,0.12,False,Fan,868.44,863.1259
131,10,Fan,-1,5,5,872.600,5.949824,1.945167,4.7508,-5.52582,5.892028,0.08963738,True,5.651219,2.4,False,Zhao,871.44,871.506
132,10,Zhao,1,5,6,876.780,-6.072206,0.9344034,-7.277298,-5.635843,-1.08423,-0.08433231,False,-5.651219,0.12,False,Fan,875.74,872.6122
133,10,Fan,-1,6,6,880.200,6.181201,0.01415966,11.115,-6.230002,3.384692,1.424527,False,5.651219,2.4,True,Fan,878.74,879.7264
134,10,Fan,-1,7,6,886.780,6.108336,1.79048,11.115,-2.625756,2.871223,-0.9968063,False,5.651219,2.4,True,Zhao,885.84,886.1047
135,10,Fan,-1,8,6,890.380,5.98197,2.012935,-3.558007,-7.999423,4.400341,1.317769,False,3.611567,0.12,True,Fan,889.84,889.9064
136,11,Zhao,1,0,1,906.080,-5.927364,-1.5465,-3.890795,0,-3.843165,0.05161923,False,-5.651219,0.12,False,Fan,905.44,-100
137,11,Zhao,1,0,2,912.480,-6.035523,-1.360392,-6.215959,-6.412902,-2.319188,0.04309398,False,-5.651219,0.12,False,Fan,911.6,909.0469
138,11,Fan,-1,1,2,917.620,6.236076,0.0848102,11.115,-6.426003,3.271776,-1.291962,False,-4.017185,0.08,True,Zhao,915.44,916.7247
139,11,Zhao,1,1,3,922.800,-5.955616,-1.274702,-4.592594,4.822062,-4.201095,0.1362399,False,-5.651219,0.12,False,Fan,922.22,916.7247
140,11,Fan,-1,2,3,926.200,6.181201,0.1199997,11.115,-6.230002,3.474524,1.156016,False,5.651219,2.4,True,Fan,924.4,925.7258
141,11,Fan,-1,3,3,932.980,6.036149,-1.545306,6.439261,0,5.720068,1.695467,False,5.601219,0.12,True,Fan,932.86,932.9064
142,11,Fan,-1,4,3,937.460,5.977188,-1.254905,3.465197,-5.887565,4.329679,0.7492117,False,2.087016,0.12,True,Zhao,936.12,936.2453
143,11,Fan,-1,5,3,943.820,5.925481,-1.543382,2.912799,0,5.817204,2.20348,False,5.601219,0.12,True,Zhao,943.08,943.8059
144,11,Zhao,1,5,4,950.380,-5.925654,-1.5465,-4.082489,0,-3.68052,0.00993783,False,-5.651219,0.12,False,Fan,950.04,943.8059
145,11,Zhao,1,5,5,958.140,-6.074747,-1.321152,-7.783022,-4.62059,-3.735518,0.2840566,False,-5.651219,0.12,False,Fan,957.96,953.4271
146,11,Fan,-1,6,5,964.720,5.925412,-1.546636,3.22309,-2.123382E-08,5.401338,1.197561,False,4.154652,0.12,True,Fan,964.7,964.1459
147,11,Zhao,1,6,6,976.380,-5.983629,0.2540016,-5.116191,-3.828778,-1.949335,-0.2061003,False,-5.651219,0.12,False,Fan,976.04,967.8254
148,11,Fan,-1,7,6,979.800,6.181201,0.01415966,11.115,-6.230002,3.042154,1.798235,False,5.651219,2.4,True,Fan,978.02,979.3244
149,12,Zhao,1,0,1,998.660,-5.820352,-1.546147,-1.198304,-1.583248E-08,-4.839786,0.0105943,False,-4.650009,0.12,False,Fan,998.64,-100
150,12,Zhao,1,0,2,1005.940,-6.023408,2.077778,-4.228443,-2.64532,-5.266238,2.21213,False,-4.069867,0.12,False,Zhao,1005.86,1001.849
151,12,Zhao,1,0,3,1010.500,-5.884007,-0.1743907,-2.986275,5.294529,-2.595679,-0.05514221,False,-5.642358,0.12,False,Zhao,1009.12,1001.849
152,12,Zhao,1,0,4,1015.740,-5.874862,-0.1104109,-2.831398,-3.820039,-4.560211,1.71108,False,-5.388118,0.12,False,Zhao,1013.96,1001.849
153,12,Fan,-1,1,4,1019.180,6.181201,-0.09560052,11.115,-6.230002,3.279339,1.127217,False,5.651219,2.4,True,Fan,1017.72,1018.706
154,12,Zhao,1,1,5,1025.160,-6.449087,-1.428074,-29.88485,0.004000008,2.08703,0.7915812,False,-5.651219,0.12,False,Zhao,1024.88,1018.706
155,12,Fan,-1,2,5,1029.180,5.895766,2.008965,2.382349,-6.039083,6.027213,0.04501599,True,5.651219,2.4,False,Zhao,1028.06,1028.148
156,12,Zhao,1,2,6,1033.780,-6.080328,-1.236152,-9.640171,-0.3728368,-3.78442,0.2615729,False,-5.651219,0.12,False,Fan,1033.58,1028.148
157,12,Fan,-1,3,6,1057.340,6.008338,0.08422618,6.655703,1.563428,4.883426,-0.5352001,False,5.651219,2.4,True,Zhao,1057.24,1056.566
158,12,Fan,-1,4,6,1070.520,6.223641,-0.5988594,11.38498,-5.873492,3.627077,0.1065676,False,1.290812,0.04,True,Fan,1070.08,1070.185
159,12,Fan,-1,5,6,1075.320,5.822915,2.011395,-2.429279,-7.885397,3.997438,0.03043242,False,5.651219,2.4,True,Fan,1074.72,1074.866
160,13,Zhao,1,0,1,1102.520,-6.281776,-1.545007,-22.44,0.004000008,1.455029,-0.1046115,False,-5.651219,0.12,False,Zhao,1102.08,1100.664
161,13,Zhao,1,0,2,1111.220,-5.927909,-0.105495,-6.412314,-2.172,-3.559248,0.1043,False,-5.651219,0.12,False,Fan,1111.2,1105.545
162,13,Fan,-1,1,2,1118.540,6.181201,0.2219197,11.115,-6.230002,3.355322,1.213047,False,5.651219,2.4,True,Zhao,1114.22,1118.066
163,13,Fan,-1,2,2,1123.840,6.194232,1.672615,11.115,-2.883677,4.153621,-0.1402656,False,5.651219,2.4,True,Zhao,1123.1,1123.265
164,13,Fan,-1,3,2,1138.400,6.132614,0.9863181,5.036074,4.473235,6.546915,0.07127722,True,5.651219,2.4,False,Zhao,1138.38,1123.265
165,13,Zhao,1,3,3,1144.860,-5.931234,1.797631,-4.366005,3.133828,-3.96489,-0.07979472,True,-5.651219,2.4,False,Fan,1144.78,1123.265
166,13,Fan,-1,4,3,1149.160,5.853929,1.846055,0.5092294,1.643933,6.290584,0.666254,True,5.651219,2.4,False,Zhao,1149.1,1147.847
167,13,Fan,-1,5,3,1155.160,5.952458,-1.546248,4.04836,0,6.316817,0.7441591,False,5.601219,0.12,False,Fan,1154.32,1153.404
168,13,Fan,-1,6,3,1165.740,6.091257,0.5877017,11.115,-4.662002,3.594272,-1.237509,False,5.651219,2.4,True,Fan,1164.24,1165.107
169,13,Fan,-1,7,3,1173.600,6.254707,1.814929,11.115,-3.486001,3.885097,2.264464,False,5.651219,2.4,True,Fan,1172.88,1173.085
170,14,Fan,-1,1,0,1186.280,6.123384,-1.543528,8.557768,0,5.237955,0.8425067,False,1.468927,0.12,True,Fan,1185.78,1185.184
171,14,Fan,-1,2,0,1194.040,6.120086,-0.183345,11.115,-6.230002,2.500597,0.930378,False,5.651219,2.4,True,Fan,1192.66,1193.21
172,14,Fan,-1,3,0,1197.560,6.04833,-0.3121101,8.067015,2.43687,3.711565,0.8025294,False,4.260618,0.12,True,Zhao,1197.1,1197.166
173,14,Fan,-1,4,0,1201.660,5.892468,-1.41669,1.47776,-1.238942,4.537336,0.263668,False,1.687663,0.12,True,Zhao,1200.62,1200.704
174,14,Zhao,1,4,1,1206.860,-6.068558,1.763477,-12.39013,0.1857388,0.808395,1.371939,True,-5.651219,2.4,False,Fan,1206.38,1205.464
175,14,Fan,-1,5,1,1210.500,6.088974,1.62943,7.618182,-3.984238,5.047445,0.0486929,False,5.651219,2.4,True,Zhao,1209.76,1209.808
176,14,Fan,-1,6,1,1221.440,6.000854,1.649248,4.917506,-5.629213,5.952468,0.04419043,True,5.651219,2.4,False,Zhao,1220.32,1220.387
177,14,Zhao,1,6,2,1226.120,-6.024178,-1.197139,-8.193582,-2.422213,-3.663492,0.01161008,False,-5.651219,0.12,False,Fan,1225.9,1222.924
178,14,Fan,-1,7,2,1231.660,5.910351,-0.6905711,3.116854,-0.1848132,4.794137,0.631551,False,-1.019782,0.16,True,Zhao,1231.5,1230.385
179,14,Zhao,1,7,3,1236.880,-5.92885,-1.081736,-5.880083,0.799575,-4.025111,0.04153183,False,-5.651219,0.12,False,Fan,1236.84,1230.385
180,14,Fan,-1,8,3,1258.200,6.19376,0.4934081,11.115,-5.054002,3.571945,-0.0366758,False,5.651219,2.4,True,Fan,1256.32,1257.466
181,14,Zhao,1,8,4,1263.240,-5.916468,-0.6503412,-3.971346,-2.051538,-3.164453,-0.06567748,False,-5.651219,0.12,False,Fan,1261.92,1257.466
182,15,Zhao,1,0,1,1269.320,-5.822007,-1.546659,-0.8280556,6.758637E-08,-4.730472,-0.04833681,False,-4.99188,0.12,False,Fan,1269.3,-100
183,15,Zhao,1,0,2,1281.160,-5.907653,-0.4758764,-5.441017,0.5818706,-3.242078,0.05807284,False,-5.651219,0.12,False,Fan,1280.32,1275.807
184,15,Fan,-1,1,2,1286.220,6.023919,2.131212,0.06211125,-2.989212,5.844531,1.415783,False,5.651219,0.04,True,Zhao,1286.2,1285.924
185,15,Fan,-1,2,2,1294.380,6.057041,-1.500522,9.801661,0.09202348,5.129682,1.413732,False,2.95595,0.12,True,Fan,1293.96,1293.425
186,15,Fan,-1,3,2,1299.000,6.228606,-0.2660128,9.908477,4.030657,5.374737,1.415218,False,2.481033,0.12,True,Fan,1298.82,1297.666
187,15,Fan,-1,4,2,1306.980,6.026001,-1.5465,6.774981,0,5.012818,2.069435,False,1.990468,0.12,True,Fan,1306.3,1306.187
188,15,Fan,-1,5,2,1310.320,6.2809,-1.078927,15.60283,-0.9289214,2.748646,0.7779605,False,4.417593,0.12,True,Fan,1310.06,1310.065
189,15,Zhao,1,5,3,1314.980,-5.970698,0.08042555,-7.295127,-2.933092,-4.142084,0.1609945,False,-5.651219,0.12,False,Fan,1314.92,1310.065
190,15,Zhao,1,5,4,1333.740,-5.848193,-1.546673,-1.892755,0.1537627,-3.87084,-0.009581096,False,-5.475324,0.12,False,Fan,1333.72,1317.966
191,15,Fan,-1,6,4,1339.520,5.890306,-0.5269649,2.193095,-1.914975,4.415591,1.545697,False,5.651219,2.4,True,Zhao,1339.1,1338.005
192,15,Fan,-1,7,4,1344.460,5.982171,1.609314,4.732352,3.184934,5.978824,0.3564983,True,5.651219,2.4,False,Zhao,1344.42,1343.626
193,16,Fan,-1,1,0,1360.100,6.082952,-1.5465,8.681204,0,3.204387,-0.06579193,False,-2.70089,0.12,True,Fan,1359.32,1358.366
194,16,Fan,-1,2,0,1363.460,6.213062,-0.7380912,13.67184,-2.183721,2.741929,1.075055,False,4.039081,0.12,True,Zhao,1363.14,1363.224
195,16,Zhao,1,2,1,1370.800,-5.936187,-1.173012,-5.562038,-8.935939,-2.427724,-0.1493025,False,-5.651219,0.12,False,Zhao,1369.88,1367.631
196,16,Fan,-1,3,1,1378.000,6.181201,0.01415966,11.115,-6.230002,3.34171,1.693089,False,5.651219,2.4,True,Zhao,1373.78,1377.506
197,16,Zhao,1,3,2,1383.920,-5.959464,-0.5177159,-7.2,-8.284005,0.7394577,0.08634461,False,-5.651219,0.12,False,Zhao,1382.32,1381.804
198,16,Fan,-1,4,2,1387.300,6.181201,0.2219197,11.115,-6.230002,3.311442,1.655987,False,5.651219,2.4,True,Fan,1385.72,1386.826
199,16,Zhao,1,4,3,1396.240,-5.825766,1.904379,-1.238276,-0.8929488,-5.368644,0.2529383,True,-5.645766,2.4,False,Zhao,1395.86,1386.826
200,16,Fan,-1,5,3,1424.240,6.070814,-1.223972,11.115,-7.406003,2.848809,0.5311836,False,5.651219,2.4,True,Zhao,1423.12,1423.308
