goal,match,scorer,zhao_reward,fan_score,zhao_score,time,ball_x,ball_y,ball_vx,ball_vy,zhao_x,zhao_y,high_plan,target_x,eta,rescue,last_touch,last_touch_time,last_rescue_time,last_touch_rescue,last_touch_vx,fan_x,fan_y,fan_high_plan,fan_contest,fan_kick,fan_head
1,1,Fan,-1,1,0,2.660,6.224401,0.9751796,11.115,-3.094001,2.565193,-1.047201,False,5.763719,2.4,True,Fan,2.1,2.178536,False,11.115,1.477944,0.7219295,False,False,False,False
2,1,Zhao,1,1,1,7.380,-6.061687,-1.178914,-7.355334,-6.65005,-1.270191,1.015501,False,-5.751219,0.12,False,Zhao,6.34,2.178536,False,-8.172594,-0.08678122,-0.5380422,False,False,False,False
3,1,Zhao,1,1,2,32.880,-5.874547,-0.7851545,-0.4184473,0.2437244,-5.405124,-0.5338653,False,0.436722,0.12,False,Zhao,32.86,10.66905,False,-0.4184473,-6.26106,-0.4638186,False,True,False,False
4,1,Zhao,1,1,3,51.900,-5.875663,-0.6790304,-0.2821065,-1.051217,-5.439079,-0.4740208,False,-0.6460215,0.12,False,Fan,51.88,10.66905,False,-0.2821065,-6.25337,-0.4567655,False,True,False,False
5,1,Zhao,1,1,4,57.520,-5.980701,-1.58634,-4.046484,1.105271,-3.528448,-0.454139,False,-5.751219,0.12,False,Fan,57.3,10.66905,False,-5.898225,-4.605548,-0.6828919,False,False,False,False
6,1,Zhao,1,1,5,62.580,-6.01057,-0.179487,-4.604635,-8.960344,-2.407593,-0.3555486,False,-5.751219,0.12,False,Zhao,61.06,10.66905,False,-5.116261,-3.302262,-0.4790782,False,False,False,False
7,1,Zhao,1,1,6,67.300,-5.986658,0.3381349,-5.256272,-7.888144,-1.98534,-0.4827708,True,-5.751219,2.4,False,Zhao,65.82,10.66905,False,-5.256272,-4.041803,0.6669686,False,False,False,False
8,1,Zhao,1,1,7,71.860,-6.072324,-1.012449,-7.163965,-7.899429,1.421787,-0.4851042,False,-5.751219,0.12,False,Zhao,70.62,68.96,False,-7.163965,-1.002075,-0.6522411,False,False,False,False
9,1,Fan,-1,2,7,80.440,5.96726,-1.486617,1.626499,-0.2578062,4.292165,-0.40095,False,4.967249,0.12,True,Zhao,79.88,79.89839,False,3.635166,2.777586,-0.6983217,False,False,False,False
10,1,Zhao,1,2,8,87.580,-6.060715,-0.02474461,-6.242692,-8.886373,1.257727,-0.8898339,False,-5.751219,0.12,False,Zhao,85.86,79.89839,False,-6.936325,2.768579,-0.4555807,False,False,False,False
11,2,Fan,-1,1,0,98.180,6.172354,0.9189321,11.115,-1.722,3.881355,-0.4910461,False,1.543189,0.12,True,Fan,97.75999,97.77531,False,11.115,-0.01227105,0.3881093,False,False,False,False
12,2,Fan,-1,2,0,113.780,6.233473,1.045546,11.115,1.013998,3.398241,1.463662,False,5.763719,2.4,True,Fan,113.36,113.42,False,11.115,1.161307,-0.4776663,True,False,False,False
13,2,Zhao,1,2,1,125.960,-5.99945,-1.549197,-3.852669,2.077682,-4.654045,-0.3780708,False,-5.460467,0.12,False,Fan,125.9,113.42,False,-5.567142,-5.860875,-0.4217283,False,True,False,False
14,2,Zhao,1,2,2,132.500,-5.883757,-0.7709092,-1.206244,-4.450672,-2.511343,-0.5301673,False,-5.554382,0.12,False,Fan,131.98,113.42,False,-1.206244,-4.922185,-0.29252,False,False,False,False
15,2,Zhao,1,2,3,142.420,-5.938379,-0.6175019,-3.580054,4.324959,-0.06169596,-0.4079026,False,-5.751219,0.12,False,Fan,141.66,113.42,False,-4.661036,-3.815286,-0.291384,False,False,False,False
16,2,Zhao,1,2,4,149.960,-5.881124,-0.7369605,-1.094156,-0.2061534,-5.435004,-0.5105142,False,-3.082047,0.12,False,Fan,149.94,113.42,False,-1.094156,-6.258357,-0.4233676,False,True,False,False
17,2,Fan,-1,3,4,173.360,5.958481,-1.608567,2.261943,0,4.634081,0.8891026,False,4.98745,0.12,True,Zhao,172.54,172.6176,False,2.714732,2.624331,-0.4376307,False,False,False,False
18,2,Fan,-1,4,4,177.560,6.080154,1.257885,-0.3951419,-7.804164,3.447352,-0.8734039,False,5.763719,2.4,True,Fan,177.18,177.2538,False,11.115,2.853411,0.6959642,False,False,False,False
19,3,Fan,-1,1,0,183.120,5.925539,-0.1216671,0.626563,-9.782307,1.373035,0.591489,False,5.763719,2.4,True,Fan,182.4,182.8518,False,11.115,-0.9212369,0.3554431,False,False,False,False
20,3,Fan,-1,2,0,189.440,6.020877,1.262316,-5.015471,-7.679528,5.619536,-0.1378076,False,5.763719,2.4,True,Fan,189.38,189.3923,False,11.115,4.967068,0.4239437,False,True,False,False
21,3,Zhao,1,2,1,196.960,-5.911387,-1.162437,-2.665694,0.1138956,-1.328152,-0.435393,False,-5.751219,0.12,False,Fan,195.34,189.3923,False,-3.255071,-2.964991,-0.4727788,False,False,False,False
22,3,Zhao,1,2,2,212.320,-6.010098,-0.2067827,-4.121344,0.9308927,0.8369795,-0.3904322,False,-5.751219,0.12,False,Fan,210.16,189.3923,False,-5.67375,-0.1449779,-0.5685778,False,False,False,False
23,3,Zhao,1,2,3,222.800,-5.972445,-0.8881863,-3.494207,-0.7081488,-1.894437,-0.4690572,False,-5.751219,0.12,False,Fan,221.82,189.3923,False,-3.940038,-3.070684,-0.4325211,False,False,False,False
24,3,Zhao,1,2,4,230.380,-5.932016,-0.6649565,-1.950123,0.1185552,-5.54351,-0.4817038,False,-2.466217,0.12,False,Fan,230.36,189.3923,False,-1.950123,-6.300718,-0.4339151,False,True,False,False
25,3,Fan,-1,3,4,236.140,6.332188,-0.6674834,11.115,-5.250001,2.81709,1.27297,False,5.763719,2.4,True,Fan,235.36,235.4329,False,11.115,-1.986707,-0.452823,False,False,False,False
26,3,Zhao,1,3,5,241.780,-6.047879,-0.318298,-5.169822,-7.901927,0.7817169,-0.7777618,False,-5.751219,0.12,False,Zhao,240.28,237.4169,False,-5.169822,-0.6639401,-0.4420543,False,False,False,False
27,3,Fan,-1,4,5,246.660,5.928562,1.145438,0.08580693,-8.384528,2.098126,-0.4054908,False,1.304517,2.4,False,Fan,246.2,245.3,False,11.115,0.5556622,0.1515544,True,False,False,False
28,4,Zhao,1,0,1,276.620,-6.034782,0.7088514,-6.090167,-1.366747,2.200109,-0.3831355,True,-5.751219,2.4,False,Fan,274.86,273.0351,False,11.115,0.933525,-0.5508776,True,False,False,False
29,4,Fan,-1,1,1,284.680,6.184946,-1.048721,10.36287,-0.3817949,4.608542,0.2454343,False,0.5897609,2.4,True,Fan,284.42,283.0113,False,10.36287,3.218947,-0.4247202,False,False,False,False
30,4,Zhao,1,1,2,293.960,-6.095784,-0.9079677,-9.171604,-3.53553,-1.532754,-0.431478,False,-5.751219,0.12,False,Zhao,293.22,290.2121,False,-9.171604,3.558996,-0.5110804,False,False,False,False
31,4,Fan,-1,2,2,302.820,5.920226,-0.1351017,0.4602207,0.3582681,6.418955,0.1800693,False,4.367023,2.4,False,Fan,302.78,300.24,False,0.4602207,5.649808,-0.6702326,False,True,False,False
32,4,Zhao,1,2,3,333.700,-5.896573,-1.607092,-0.4436093,-0.06995139,-4.640125,-0.4122117,False,-5.602432,0.12,False,Fan,333.68,300.24,False,-0.4436093,-6.082643,-0.3759434,False,False,False,False
33,4,Zhao,1,2,4,338.800,-5.98873,-0.7758377,-4.096314,0.7356604,-2.678343,-0.4214927,False,-5.751219,0.12,False,Fan,338.16,300.24,False,-5.863466,-3.350267,-0.2793515,False,False,False,False
34,4,Zhao,1,2,5,350.900,-5.941862,-1.579899,-2.854352,0.05135867,-1.987791,-0.5058812,False,-5.751219,0.12,False,Fan,349.32,343.34,False,-3.625627,-2.877331,-0.5023029,False,False,False,False
35,5,Zhao,1,0,1,368.300,-5.978394,-1.288817,-4.487356,-3.570664,-2.652242,-0.5297583,False,-5.751219,0.12,False,Fan,367.02,363.3294,False,-4.680803,-3.638527,-0.6578212,False,False,False,False
36,5,Zhao,1,0,2,381.600,-5.939668,-0.7761702,-2.146994,-0.01473043,-5.51659,-0.5078841,False,-0.1629067,0.12,False,Fan,381.58,373.1141,False,-2.146994,-6.325446,-0.4496745,False,True,False,False
37,5,Zhao,1,0,3,391.000,-5.970076,-1.582328,-3.548294,-4.349818,-4.75717,-0.445114,False,-5.238356,0.12,False,Fan,390.96,373.1141,False,-3.548294,-6.383536,-0.6592937,False,True,False,False
38,5,Fan,-1,1,3,394.960,6.149045,0.1175873,10.8,-3.652793,0.5706428,1.414867,False,5.726219,0.12,False,Fan,394.1,373.1141,False,19.85107,-2.580156,-0.778035,True,False,False,False
39,5,Zhao,1,1,4,405.340,-6.01336,-1.136773,-4.058846,1.055645,-3.538304,-0.3300167,False,-5.751219,0.12,False,Fan,404.86,395.46,False,-5.204198,-5.032156,-0.7531394,False,False,False,False
40,5,Zhao,1,1,5,413.040,-5.975403,-1.125622,-3.998668,1.733452,-1.129619,-0.4575258,False,-5.751219,0.12,False,Fan,411.56,409,False,-4.994968,-2.603667,-0.5705659,False,False,False,False
41,5,Zhao,1,1,6,424.540,-5.916354,-1.609124,-1.808972,0,-4.344456,-0.5465743,False,-5.647324,0.12,False,Fan,424.28,409,False,-2.544188,-5.900135,-0.3799082,False,False,False,False
42,5,Fan,-1,2,6,429.280,6.33776,1.053262,11.115,-3.521189,1.451337,-1.300331,False,5.763719,2.4,True,Fan,428.54,428.66,False,11.115,0.6944971,0.555434,False,False,False,False
43,5,Fan,-1,3,6,433.440,6.217711,0.920478,11.115,-1.722,2.929516,-0.9945269,False,5.763719,2.4,True,Fan,433.02,433.0738,False,11.115,2.767081,0.5841449,False,False,False,False
44,5,Fan,-1,4,6,445.180,6.230527,-0.5497136,11.115,-5.250001,2.71277,-0.817974,False,5.763719,2.4,True,Fan,444.4,444.48,False,11.115,-3.389868,-0.4054666,False,False,False,False
45,6,Fan,-1,1,0,469.880,6.049538,0.5326385,5.172025,-3.230694,5.445298,-0.4202109,False,5.763719,2.4,True,Zhao,469.78,469.8362,False,5.172025,3.97503,-0.3164271,True,False,False,False
46,6,Fan,-1,2,0,481.740,6.131643,1.240087,11.115,-1.526,2.172223,-0.4032166,False,1.672266,2.4,False,Fan,481.34,480.4168,False,11.115,0.8375951,0.4708608,True,False,False,False
47,6,Zhao,1,2,1,490.220,-5.947714,1.211396,-3.383152,-3.016225,0.2757764,-0.4596398,True,-5.751219,2.4,False,Fan,486.22,486.3747,False,11.115,-0.9559801,-0.4182757,True,False,False,False
48,6,Fan,-1,3,1,502.660,5.974052,1.193737,2.091419,6.083653,4.396387,-0.5233354,False,5.763719,2.4,True,Zhao,500.88,501.3933,False,7.479714,-0.3393986,-0.4944471,True,False,False,False
49,6,Zhao,1,3,2,513.140,-5.942245,0.8638879,-3.221629,1.587123,-3.32791,-0.4274411,True,-5.751219,2.4,False,Fan,511.8,506.68,False,-4.587897,-4.401465,-0.378583,True,False,False,False
50,6,Zhao,1,3,3,519.720,-6.00051,-0.8363848,-3.685239,-2.077722,-4.759701,-0.4280679,False,-5.43208,0.12,False,Fan,519.7,506.68,False,-3.685239,-5.505088,-0.4735008,False,True,False,False
51,6,Fan,-1,4,3,523.700,6.334517,0.04061143,10.8,-3.980209,0.1178629,0.6814862,False,5.726219,0.12,False,Fan,522.82,506.68,False,17.09352,-2.117233,-0.4968184,False,False,False,False
52,6,Fan,-1,5,3,529.780,6.126919,0.8504215,5.818759,-4.479444,5.173664,0.956561,True,5.763719,2.4,False,Zhao,529.68,527.6915,False,5.818759,3.297488,1.382413,False,False,False,False
53,6,Zhao,1,5,4,535.140,-6.02617,-0.685219,-4.6752,-10.19793,-0.4486166,-0.4414999,False,-5.751219,0.12,False,Zhao,533.24,527.6915,False,-4.6752,-1.258111,-0.5659129,False,False,False,False
54,7,Zhao,1,0,1,553.260,-5.936204,-1.589886,-2.425216,1.070068,-4.286784,-0.3795154,False,-5.734022,0.12,False,Fan,552.56,544.0335,False,-3.055136,-5.164452,-0.686486,False,False,False,False
55,7,Fan,-1,1,1,557.860,6.167758,0.8980047,11.115,-4.074001,1.796373,-0.653758,False,5.763719,2.4,True,Fan,557.2,557.518,False,11.115,-0.4977708,-0.4832911,True,False,False,False
56,7,Fan,-1,2,1,563.580,6.201296,0.6572445,11.115,0.6299995,5.640328,-0.4184913,False,5.763719,2.4,True,Fan,563.4,563.5341,False,11.115,4.175073,-0.7298372,True,False,False,False
57,7,Zhao,1,2,2,571.920,-6.048761,-0.5380636,-5.052776,2.018375,-3.612802,-0.4404683,False,-5.751219,0.12,False,Fan,571.38,563.5341,False,-5.753545,-4.401167,-0.7158082,False,False,False,False
58,7,Fan,-1,3,2,576.540,6.517167,-1.512843,16.245,0.004000008,0.6779678,0.6139714,False,5.017766,0.12,True,Fan,576.02,576.3156,False,16.245,-1.32962,-0.4371122,False,False,False,False
59,7,Zhao,1,3,3,583.700,-5.974469,-1.03146,-3.062622,2.374772,-3.880488,-0.4180772,False,-5.751219,0.12,False,Fan,583.28,578.0754,False,-3.922772,-5.224344,-0.5865073,False,False,False,False
60,7,Fan,-1,4,3,587.660,6.319913,0.04061145,10.8,-4.048995,0.3432197,1.253677,False,5.726219,0.12,False,Fan,586.78,578.0754,False,16.3012,-1.794541,-0.7179032,True,False,False,False
61,7,Fan,-1,5,3,597.040,5.966865,0.0302324,2.090666,-1.519236,6.417145,0.1078193,False,5.726219,0.12,False,Zhao,597,588.0334,False,2.090666,4.809512,0.4794735,False,False,False,False
62,7,Zhao,1,5,4,623.520,-5.925241,-1.610255,-1.123326,1.980516E-08,-4.838169,-0.03751406,False,-4.934179,0.12,False,Fan,623.5,601.02,False,-1.123326,-6.081041,-0.1824616,False,True,False,False
63,7,Zhao,1,5,5,628.780,-6.007176,-1.349708,-5.139611,-2.242364,-4.840004,-0.4782557,False,-5.302724,0.12,False,Zhao,628.68,601.02,False,-5.139611,-6.597689,-0.441026,False,True,False,False
64,8,Zhao,1,0,1,637.980,-6.006846,-0.8231984,-5.074334,6.604622,4.241483,-0.403209,False,-5.751219,0.12,False,Fan,636.02,636.3118,False,11.115,-1.299254,-0.537558,False,False,False,False
65,8,Zhao,1,0,2,643.640,-6.060703,-0.3862963,-5.831481,-1.832356,-4.447978,-0.6652722,False,-5.751219,0.12,False,Fan,643.58,636.3118,False,-5.831481,-5.365033,-0.4097973,False,False,False,False
66,8,Fan,-1,1,2,648.980,6.146434,0.5964164,11.115,-5.838002,2.282312,-0.9122993,False,5.763719,2.4,True,Fan,648.14,648.2775,False,11.115,-2.568552,-0.7147176,True,False,False,False
67,8,Zhao,1,1,3,658.500,-6.089123,-1.608924,-6.804788,0,-1.599832,-0.477717,False,-5.751219,0.12,False,Zhao,657.46,655.0142,False,-8.876167,4.345384,-0.5040733,False,False,False,False
68,8,Fan,-1,2,3,663.960,6.029047,-0.5340222,4.835278,-6.277383,5.4255,0.9349608,False,5.726219,0.12,True,Zhao,663.88,663.9545,False,4.835278,2.722224,0.6443934,False,False,False,False
69,8,Zhao,1,2,4,687.340,-5.902127,-1.253064,-1.337706,1.868667,-3.572331,-0.4274286,False,-5.585896,0.12,False,Fan,685.7,674.434,False,-1.247247,-4.244061,-0.386463,False,False,False,False
70,8,Zhao,1,2,5,693.740,-5.896656,0.10541,-1.367747,-2.501137,-1.907632,-0.5404945,False,-5.610784,0.12,False,Zhao,691.78,674.434,False,-2.946116,-4.031948,-0.4757662,False,False,False,False
71,8,Zhao,1,2,6,698.200,-6.064772,1.304961,-0.8145084,-7.07839,-2.206999,1.449164,True,-5.751219,2.4,False,Zhao,697.64,674.434,False,-10.14297,-2.268698,-0.4238598,True,False,False,False
72,8,Fan,-1,3,6,703.740,6.157989,0.9817715,11.115,-5.446002,2.274223,-1.184691,False,5.763719,2.4,True,Fan,702.94,702.9942,False,11.115,-2.115658,-0.824057,True,False,False,False
73,9,Zhao,1,0,1,731.740,-6.017733,-0.4402159,-5.310728,-8.763389,-0.2513961,-0.3863002,False,-5.751219,0.12,False,Zhao,730.14,724.54,False,-5.310728,-1.302247,-0.5828258,False,False,False,False
74,9,Zhao,1,0,2,738.040,-6.017702,-1.045575,-4.274625,-4.725548,-4.516283,-0.5272582,False,-5.751219,0.12,False,Fan,737.88,724.54,False,-4.274625,-5.473477,-0.639164,False,False,False,False
75,9,Fan,-1,1,2,742.520,6.206512,-0.7556715,12.7167,-4.074001,0.1750919,1.722191,False,4.876174,0.12,True,Fan,741.86,742.2728,False,12.7167,-1.625765,-0.4414191,False,False,False,False
76,9,Zhao,1,1,3,749.000,-6.047183,0.9541647,-5.258508,-2.465389,-4.456128,-0.3761662,True,-5.751219,2.4,False,Fan,748.7,743.97,False,-5.842787,-5.171718,0.3897141,False,False,False,False
77,9,Fan,-1,2,3,752.940,6.137274,0.1187702,10.8,-3.711939,0.2236655,1.153703,False,-5.751219,0.12,True,Fan,752.08,752.8946,False,18.98089,-2.673296,-0.5326152,True,False,False,False
78,9,Fan,-1,3,3,756.820,6.33045,0.1099785,16.2,-3.27235,1.625796,-0.9315151,False,-4.487072,0.12,True,Fan,756.2,756.772,False,16.2,-3.131557,-0.3882018,False,False,False,False
79,9,Zhao,1,3,4,769.740,-5.921834,-0.2035314,-2.453373,-4.108864,-3.065068,-0.477649,False,-5.717172,0.12,False,Fan,767.54,762.34,False,-3.105936,-4.055041,-0.4972619,False,False,False,False
80,9,Zhao,1,3,5,775.200,-5.953408,-1.58063,-3.125984,5.14827,-0.9968975,-0.4544177,False,-5.751219,0.12,False,Fan,773.72,762.34,False,-5.036234,-3.329206,-0.5718434,False,False,False,False
81,9,Fan,-1,4,5,778.600,6.54676,0.1190871,16.2,-3.72778,1.859017,0.5463564,False,5.726219,0.12,False,Fan,777.98,762.34,False,16.2,-2.739775,0.2204422,False,False,False,False
82,10,Fan,-1,1,0,824.100,6.201704,-0.8877487,8.029233,0.295935,3.675248,-0.1172042,False,5.045859,0.12,True,Fan,823.74,823.7906,False,8.029233,2.387801,-0.3853197,False,False,False,False
83,10,Fan,-1,2,0,830.020,5.930102,-0.8326181,2.668223,-0.1725339,6.366746,-0.3976854,False,5.726219,0.12,False,Fan,830,825.4929,False,2.668223,5.561405,-0.4769361,False,True,False,False
84,10,Zhao,1,2,1,839.440,-5.97502,-1.567072,-3.163877,-2.939781,-4.647367,-0.4333127,False,-5.751219,0.12,False,Fan,839.42,825.4929,False,-3.163877,-5.977874,-0.3619637,False,False,False,False
85,10,Fan,-1,3,1,844.100,6.135561,0.5201255,11.115,-3.682001,2.057683,-1.08689,False,5.763719,2.4,True,Fan,843.48,843.6,False,11.115,1.255213,0.396506,False,False,False,False
86,10,Fan,-1,4,1,856.760,6.035036,-1.373125,4.804115,-3.644894,5.449863,1.560917,False,5.358925,0.12,False,Fan,856.72,855.9165,False,4.804115,4.721505,-0.3758858,False,False,False,False
87,10,Fan,-1,5,1,871.260,5.991315,-1.565108,3.61008,-0.1157816,5.18479,1.021144,False,0.3909858,0.12,True,Fan,869.86,870.3165,False,3.845803,1.219537,-0.4589735,False,False,False,False
88,10,Zhao,1,5,2,879.720,-5.995133,-0.1390536,-3.522874,2.212995,-3.626772,-0.4027318,False,-5.751219,0.12,False,Fan,878.5,875.5539,False,-5.490664,-5.039,-0.5018954,False,False,False,False
89,10,Zhao,1,5,3,891.080,-5.958556,-1.469747,-4.181366,2.161948,-4.374662,-0.2716246,False,-5.751219,0.12,False,Fan,891,875.5539,False,-5.358057,-5.998405,-0.4381529,False,False,False,False
90,10,Fan,-1,6,3,895.880,5.999438,-1.477406,2.877519,-11.69868,4.588636,-0.8235928,False,5.763719,2.4,True,Zhao,894.56,894.8536,False,5.221774,2.581331,-0.4881608,False,False,False,False
91,10,Fan,-1,7,3,900.220,6.319174,0.04061145,11.28575,-3.756137,2.091841,-0.4852658,False,-3.900408,0.12,True,Fan,899.48,900.1508,False,11.28575,-0.8169639,-0.5148164,False,False,False,False
92,11,Zhao,1,0,1,906.740,-5.985096,-0.569229,-4.623218,6.216161,2.626852,-0.4358467,False,-5.751219,0.12,False,Fan,904.7,905.1317,False,11.115,-3.394505,-0.4385574,False,False,False,False
93,11,Zhao,1,0,2,911.540,-5.958217,1.212685,-3.311983,-5.685977,-3.14382,-0.4613484,True,-5.751219,2.4,False,Zhao,910.4,905.1317,False,-5.838058,-3.845085,-0.5063991,True,False,False,False
94,11,Zhao,1,0,3,921.120,-5.96633,0.8207723,-4.963333,-7.695812,-2.532712,-0.4154544,True,-5.751219,2.4,False,Zhao,919.6,905.1317,False,-4.963333,-3.777464,-0.4387421,True,False,False,False
95,11,Fan,-1,1,3,927.980,6.283527,0.02750335,11.115,-4.97423,2.949169,-1.23964,False,5.763719,2.4,True,Fan,927.14,927.2191,False,11.115,-2.505458,-0.4173468,False,False,False,False
96,11,Fan,-1,2,3,936.520,6.069131,-1.593989,5.09562,0.8605053,-0.3954318,-0.2601809,False,1.940562,0.12,True,Fan,935.28,935.5182,False,5.470689,-1.206835,-0.4086388,False,False,False,False
97,11,Fan,-1,3,3,948.260,5.992718,-1.609924,3.754107,0,5.862525,0.3078822,False,1.94639,0.12,False,Fan,947.1,946.9703,False,4.123378,4.311457,-0.4351748,False,False,False,False
98,11,Fan,-1,4,3,954.040,6.074127,-1.611139,6.923086,0,4.868687,0.07776081,False,5.726219,0.12,True,Fan,953.8,953.98,False,8.579908,3.161196,-0.3965164,False,False,False,False
99,11,Zhao,1,4,4,981.880,-5.860964,-1.58001,-0.1237943,-0.9588074,-4.236009,-0.5209135,False,-5.425819,0.12,False,Fan,981.7,976.0766,False,-0.1237943,-6.037085,-0.3699054,False,False,False,False
100,12,Fan,-1,1,0,1001.940,6.279976,-1.419403,9.905738,-1.392797,5.560419,0.1103153,False,2.156898,2.4,True,Fan,1001.82,1000.79,False,9.905738,4.604198,-0.4144462,False,False,False,False
101,13,Fan,-1,1,0,1004.601,6.239094,0.9804996,11.115,-3.094001,2.678413,0.285073,False,5.763719,2.4,True,Fan,1004.041,1004.134,False,11.115,0.8887636,1.454309,False,False,False,False
102,13,Fan,-1,2,0,1009.081,6.275818,-1.557304,9.233929,-3.344236,3.533856,-0.5048932,False,5.726219,0.12,True,Fan,1008.721,1009.041,False,9.233929,1.554234,-0.7929067,False,False,False,False
103,13,Zhao,1,2,1,1056.401,-5.91682,-0.6639589,-1.873,-5.471976,-0.4925728,-0.5491455,False,-5.654119,0.12,False,Zhao,1053.521,1050.061,False,-4.701648,-1.437448,-0.5438219,False,False,False,False
104,14,Fan,-1,1,0,1097.781,5.953449,-1.516961,1.938904,-5.010202,4.24926,-0.399103,False,1.973163,2.4,True,Fan,1096.021,1096.451,False,2.720184,2.148211,-0.1906418,False,False,False,False
105,14,Fan,-1,2,0,1102.261,6.026967,1.159842,-0.2531292,-7.834779,4.248739,-0.480933,False,5.763719,2.4,True,Fan,1101.821,1102.051,False,11.115,3.153493,0.7916247,False,False,False,False
106,14,Zhao,1,2,1,1114.821,-6.116786,-1.561766,-7.987929,0.004000008,-5.290125,-0.265468,False,-5.751219,0.12,False,Zhao,1114.661,1109.533,False,-7.987929,0.2613648,-0.5313762,False,False,False,False
107,14,Zhao,1,2,2,1119.621,-6.064851,-0.4681599,-8.429737,-5.592751,0.193853,-0.494536,False,-5.751219,0.12,False,Zhao,1118.941,1109.533,False,-8.429737,-2.065941,-0.6680328,False,False,False,False
108,14,Zhao,1,2,3,1124.941,-6.062864,-0.7430356,-6.048865,1.173055,-4.323149,-0.5893807,False,-5.751219,0.12,False,Fan,1124.821,1109.533,False,-6.048865,-5.395211,-0.5911732,False,False,False,False
109,14,Fan,-1,3,3,1128.881,6.31233,0.04061145,11.0084,-4.092197,-0.3727449,0.6085603,False,5.726219,0.12,False,Fan,1128.001,1109.533,False,14.54629,-2.256296,-0.5207412,False,False,False,False
110,14,Zhao,1,3,4,1136.121,-5.942693,-0.8022004,-2.632026,-0.1376101,-2.661895,-0.5982645,False,-5.751219,0.12,False,Fan,1135.181,1129.197,False,-4.19203,-3.657985,-0.4619797,False,False,False,False
111,14,Fan,-1,4,4,1143.641,6.02618,0.02102607,3.727777,0.9387114,4.199398,-0.7296444,False,-1.003329,2.4,True,Zhao,1140.181,1141.333,False,-6.185139,2.348017,-0.5071473,False,False,False,False
112,14,Zhao,1,4,5,1151.541,-5.92413,-1.496448,-2.903336,2.707745,-1.506689,-0.4542966,False,-5.751219,0.12,False,Fan,1149.081,1144.936,False,-4.701564,-2.222529,-0.6114443,False,False,False,False
113,14,Zhao,1,4,6,1155.621,-5.90318,-1.090247,-2.232155,-5.424493,-1.524992,-0.4025234,False,-5.721038,0.12,False,Fan,1154.781,1144.936,False,-2.232155,-2.373039,-0.9444389,False,False,False,False
114,14,Fan,-1,5,6,1165.001,6.036059,-1.599236,3.272059,0.8589525,3.78529,0.114343,False,5.374847,0.12,True,Fan,1163.761,1164.55,False,4.048271,0.8443618,-0.5338593,False,False,False,False
115,14,Fan,-1,6,6,1170.401,6.248067,0.6222455,11.115,1.217999,7.200083,-0.5013525,True,5.763719,2.4,False,Fan,1170.281,1164.55,False,11.115,4.778783,-0.3655249,True,False,False,False
116,14,Zhao,1,6,7,1176.101,-6.011688,-0.9153877,-4.470306,-3.07845,-0.8508942,-0.4579869,False,-5.751219,0.12,False,Zhao,1174.821,1164.55,False,-7.752771,-1.961377,-0.5031884,False,False,False,False
117,15,Zhao,1,0,1,1203.981,-5.883345,-0.7173822,-0.9599167,0.2951581,-5.453324,-0.4707121,False,0.3206352,0.12,False,Fan,1203.961,1184.755,False,-0.9599167,-6.252777,-0.4795438,False,True,False,False
118,15,Fan,-1,1,1,1214.521,6.250424,-1.412712,9.136492,1.324714,5.030576,1.261567,False,2.952983,0.12,True,Fan,1214.441,1213.536,False,9.136492,5.764227,-0.4623465,False,False,False,False
119,15,Zhao,1,1,2,1219.421,-6.159587,0.6072624,-8.109433,-5.263175,0.4929346,1.044904,True,-5.751219,2.4,False,Zhao,1218.381,1213.536,False,-9.010482,2.076895,-0.4500114,True,False,False,False
120,15,Fan,-1,2,2,1223.361,6.2059,0.1131445,10.88562,-3.430653,0.04369247,1.218657,False,-5.751219,2.4,True,Fan,1222.501,1223.316,False,18.43889,-2.20731,-0.7365326,True,False,False,False
121,15,Zhao,1,2,3,1229.941,-5.928781,-1.611125,-2.800298,0,-3.355813,-0.8291488,False,-5.751219,0.12,False,Zhao,1227.901,1224.933,False,-5.80948,-4.278941,0.3658847,False,False,False,False
122,15,Zhao,1,2,4,1237.861,-5.947538,0.06852866,-2.673496,3.478604,-3.848112,-0.4612405,True,-5.751219,2.4,False,Zhao,1233.201,1233.358,False,15.42137,-4.790555,-0.5029883,True,False,False,False
123,15,Fan,-1,3,4,1246.901,6.097634,-1.576153,5.447176,-3.605499,4.956645,0.1448144,False,2.326035,0.12,True,Fan,1246.501,1245.295,False,5.447176,3.315532,-0.628746,False,False,False,False
124,15,Zhao,1,3,5,1263.661,-5.878834,-0.8403619,-0.998768,-0.4020985,-5.416692,-0.5087835,False,-0.7703372,0.12,False,Zhao,1263.641,1245.295,False,-0.998768,-6.248151,-0.4539719,False,True,False,False
125,16,Fan,-1,1,0,1281.141,6.141181,0.7605425,11.115,-0.5639713,2.687598,-1.128471,False,5.763719,2.4,True,Fan,1280.681,1280.773,False,11.115,2.261562,1.077497,False,False,False,False
126,16,Zhao,1,1,1,1318.041,-5.961633,-0.1140161,-2.867728,0.602644,-4.748885,-0.439454,False,-5.751219,0.12,False,Zhao,1317.761,1314.461,False,-2.867728,-6.725672,-0.3515481,False,False,False,False
127,16,Zhao,1,1,2,1348.921,-5.927684,-1.255971,-3.403827,-0.8342448,-4.473077,-0.5171542,False,-5.751219,0.12,False,Fan,1348.681,1343.417,False,-3.403827,-5.212983,-0.3933473,False,False,False,False
128,17,Zhao,1,0,1,1370.501,-6.041896,-0.07000048,-7.199999,-7.304005,3.644475,-0.4643524,False,-5.751219,0.12,False,Zhao,1369.001,1368.773,True,-7.199999,1.659448,-0.4517134,False,False,False,False
129,17,Zhao,1,0,2,1374.581,-5.910319,1.12022,-2.11779,-2.744001,-1.41931,-0.4179716,True,-5.751219,2.4,False,Fan,1371.781,1368.773,False,-6.794932,-2.258929,-0.7295175,True,False,False,False
130,17,Fan,-1,1,2,1382.581,6.157886,-1.543918,8.017426,5.768002,2.273655,-0.1137523,False,5.730449,2.4,True,Fan,1381.601,1381.815,False,11.115,-2.719011,-0.507162,False,False,False,False
131,17,Zhao,1,1,3,1433.861,-5.872591,-1.239971,0.7170617,-0.4809149,-4.365861,-0.4955419,False,-5.402083,0.12,False,Fan,1433.841,1421.698,False,0.7170617,-5.965526,-0.4055261,False,False,False,False
132,17,Fan,-1,2,3,1444.541,6.294,0.9008926,12.95485,4.345999,5.391697,-0.29131,False,3.036146,2.4,False,Fan,1444.461,1443.935,False,12.95485,4.555721,-0.4415101,True,False,False,False
133,17,Fan,-1,3,3,1449.261,6.159561,1.177418,-4.225179,-9.581463,5.464838,-0.4888489,False,4.090853,0.12,False,Fan,1449.161,1448.457,False,12.78059,4.184713,0.3497183,True,False,False,False
134,18,Fan,-1,1,0,1463.581,5.952736,-0.8131465,2.179975,-0.1081223,6.365159,-0.465906,False,-0.1730523,0.12,False,Fan,1463.561,901.9407,False,2.179975,5.603361,-0.4598358,False,True,False,False
135,18,Fan,-1,2,0,1470.361,5.99169,-0.3961566,3.468674,-6.696595,4.92765,-0.9672959,False,5.763719,2.4,True,Zhao,1469.621,1470.074,False,3.468674,3.078635,-0.6880488,False,False,False,False
136,18,Zhao,1,2,1,1506.861,-5.926723,-1.546267,-2.328717,-0.732553,-4.572791,-0.5271925,False,-5.750868,0.12,False,Fan,1506.841,1475.741,False,-2.328717,-6.040126,-0.3809383,False,False,False,False
137,18,Zhao,1,2,2,1511.961,-5.978418,-0.8565206,-3.384497,1.713275,-3.38346,-0.3621183,False,-5.751219,0.12,False,Fan,1511.441,1507.821,False,-3.987723,-4.254548,-0.5643758,False,False,False,False
138,18,Fan,-1,3,2,1521.561,6.086176,1.213591,-1.666027,-8.44031,3.882283,-0.7130508,False,3.144078,2.4,True,Fan,1521.201,1521.333,False,11.115,2.09323,0.7251748,False,False,False,False
139,19,Fan,-1,1,0,1555.261,6.271984,1.11048,11.115,-4.80073,-1.344753,-0.3997416,False,5.763719,2.4,True,Fan,1554.301,1554.754,False,11.115,-5.149829,-0.6519299,True,False,False,False
140,19,Fan,-1,2,0,1561.701,6.33584,0.04061148,10.8,-3.429452,2.869476,-0.3944322,False,5.763719,2.4,False,Fan,1561.101,1560.172,False,10.8,0.548933,-0.4887106,False,False,False,False
141,19,Fan,-1,3,0,1571.181,6.083118,-1.360953,5.434231,1.470707,5.527204,1.433918,False,5.750785,2.4,False,Fan,1571.081,1570.514,False,5.434231,5.428227,-0.4317007,False,True,False,False
142,19,Zhao,1,3,1,1588.581,-5.999308,-0.1165653,-6.514621,3.744664,1.14376,-0.3570081,False,-5.751219,0.12,False,Zhao,1587.701,1582.502,False,-11.8349,0.1744601,-0.3949968,False,False,False,False
143,19,Zhao,1,3,2,1594.901,-5.910738,-0.2451965,-1.377298,-2.198931,-3.180268,-0.5969864,False,-5.626014,0.12,False,Fan,1593.061,1582.502,False,-2.442917,-4.494529,-0.4737505,False,False,False,False
144,19,Zhao,1,3,3,1602.001,-5.905344,-1.610196,-1.716032,0,-4.547539,-0.4404209,False,-5.627017,0.12,False,Zhao,1601.561,1582.502,False,-1.901464,-6.6221,-0.2646161,False,False,False,False
145,19,Zhao,1,3,4,1607.081,-5.932104,-0.5075501,-2.941943,6.238588,-2.057662,-0.3019599,False,-5.751219,0.12,False,Zhao,1605.601,1582.502,False,-4.939363,-3.247623,-0.4183342,False,False,False,False
146,19,Fan,-1,4,4,1616.961,5.986543,0.5700458,3.762575,-6.86346,5.753954,-0.6352025,False,5.094503,0.64,False,Fan,1615.541,1616.058,False,3.762575,3.98524,-0.5754323,True,False,False,False
147,19,Zhao,1,4,5,1624.121,-5.972875,0.5293204,-5.499431,-4.872213,-3.954367,-0.359507,True,-5.751219,2.4,False,Fan,1623.221,1618.391,False,-5.499431,-4.663405,-0.4073755,True,False,False,False
148,19,Zhao,1,4,6,1631.981,-6.002979,-1.188461,-3.696782,1.010881,-0.9233225,-0.4750351,False,-5.751219,0.12,False,Fan,1630.621,1618.391,False,-5.16122,-1.751597,-0.6816594,False,False,False,False
149,20,Fan,-1,1,0,1645.981,5.954954,-1.611125,2.100209,0,4.089953,-0.2759564,False,3.046138,0.12,True,Zhao,1644.201,1644.298,False,3.251947,1.901144,-0.4621773,False,False,False,False
150,20,Zhao,1,1,1,1653.901,-5.904516,-1.483005,-1.392674,-5.955214,-4.887677,-1.316645,False,-5.203835,0.12,False,Fan,1651.561,1644.298,False,-2.494102,-4.851329,-0.3109047,False,True,False,False
151,20,Zhao,1,1,2,1660.881,-5.912311,-1.607036,-1.901205,0,-3.699034,-0.4874581,False,-5.690455,0.12,False,Fan,1659.541,1644.298,False,-2.690269,-4.405054,-0.4261996,False,False,False,False
152,20,Zhao,1,1,3,1665.901,-6.019197,-0.2614318,-4.508798,-5.275636,-2.700645,-0.3289605,False,-5.751219,0.12,False,Fan,1665.701,1644.298,False,-4.508798,-4.943377,-0.1492957,False,False,False,False
153,20,Zhao,1,1,4,1677.041,-6.059311,-1.467622,-5.440383,0.5929823,-4.625865,-0.4133424,False,-5.751219,0.12,False,Fan,1676.921,1644.298,False,-5.440383,-5.478883,-0.4175677,False,False,False,False
154,20,Zhao,1,1,5,1697.021,-5.872491,-0.8154427,-0.7411224,0.003260491,-5.438061,-0.4935259,False,-1.454319,0.12,False,Zhao,1697.001,1644.298,False,-0.7411224,-6.190434,-0.4140665,False,True,False,False
155,20,Zhao,1,1,6,1702.981,-5.998629,-1.32719,-3.806222,1.603156,-4.198511,-0.3849233,False,-5.751219,0.12,False,Fan,1702.681,1644.298,False,-5.210435,-5.286277,-0.6634752,False,False,False,False
156,20,Fan,-1,2,6,1706.881,6.185773,0.1158545,11.35573,-3.566152,0.03032655,0.8309126,False,5.726219,0.12,False,Fan,1706.041,1644.298,False,14.76803,-2.173281,-0.4764994,False,False,False,False
157,20,Fan,-1,3,6,1712.621,5.966852,-1.43684,1.548082,-4.686418,4.934711,-0.4003539,False,5.763719,2.4,True,Zhao,1712.321,1712.34,False,1.548082,3.41238,-0.3839268,False,False,False,False
158,21,Zhao,1,0,1,1728.821,-5.96724,-0.4332175,-3.255797,-2.585474,-0.8049785,-0.5284313,False,-5.751219,0.12,False,Zhao,1727.181,901.9407,False,-4.918046,-1.861762,-0.5336145,False,False,False,False
159,21,Fan,-1,1,1,1732.781,6.211596,0.1118127,10.8,-3.364062,0.1151224,1.380336,False,5.726219,0.12,False,Fan,1731.901,901.9407,False,15.34042,-2.084931,-0.7057543,True,False,False,False
160,21,Fan,-1,2,1,1747.941,6.01828,0.4931226,2.799172,3.475936,4.175891,-0.7230157,False,5.085907,2.4,True,Zhao,1745.961,1746.581,False,2.564805,2.799427,-0.5039597,True,False,False,False
161,21,Fan,-1,3,1,1762.861,6.209084,1.186458,11.115,-3.547725,0.2147796,0.7351782,False,5.763719,2.4,True,Fan,1762.141,1762.557,False,11.115,-3.061178,-0.8330867,True,False,False,False
162,21,Fan,-1,4,1,1772.441,6.037975,-1.611027,5.252827,0,3.185239,-0.4269919,False,1.528446,0.12,True,Fan,1771.401,1771.455,False,8.547496,1.646228,-0.4548917,False,False,False,False
163,21,Fan,-1,5,1,1799.881,6.079495,-1.611125,6.323717,0,4.615577,1.181981,False,-1.735816,0.12,True,Fan,1798.321,1798.472,False,8.378775,-4.405615,-0.4503774,False,False,False,False
164,21,Fan,-1,6,1,1808.521,6.287978,0.1142164,14.46117,-3.48425,0.5171527,0.4060586,False,5.726219,0.12,False,Fan,1807.861,1798.472,False,19.01795,-3.258064,-0.611958,False,False,False,False
165,21,Fan,-1,7,1,1812.581,6.135841,-0.3400091,11.115,-0.9380004,2.645128,0.5246686,False,5.726219,0.12,False,Fan,1812.241,1810.036,False,11.115,2.868237,-0.8855122,True,False,False,False
166,22,Fan,-1,1,0,1834.441,5.975386,-1.299064,2.416178,0.9745539,6.971728,-0.4308884,False,5.726219,0.12,False,Fan,1834.421,1828.641,False,2.416178,5.737526,-0.4032026,False,True,False,False
167,22,Fan,-1,2,0,1870.881,5.997783,0.556448,2.90255,-1.553064,6.356299,-0.2305255,True,5.763719,2.4,False,Zhao,1870.681,1861.593,False,2.90255,3.977981,-0.7077977,True,False,False,False
168,22,Zhao,1,2,1,1876.541,-6.025864,-0.9475699,-5.071493,-8.188639,-2.66758,-0.5909347,False,-5.751219,0.12,False,Zhao,1875.201,1861.593,False,-5.071493,-3.629698,0.5561696,False,False,False,False
169,22,Zhao,1,2,2,1898.981,-5.971474,-1.435013,3.75058,0.5626036,-4.617497,-0.3938859,False,-5.751219,0.12,False,Fan,1898.961,1880.535,False,3.75058,-5.985931,-0.3865119,False,False,False,False
170,22,Fan,-1,3,2,1903.641,6.136219,0.06992447,11.115,-5.923263,-0.3429959,-0.01068566,False,5.439464,2.4,True,Fan,1902.741,1903.236,False,11.115,-2.811651,-0.5791289,False,False,False,False
171,23,Fan,-1,1,0,1910.701,6.165996,1.198801,-1.067764,-8.04295,4.817575,-0.5816333,False,5.763719,2.4,True,Fan,1910.441,1910.492,False,11.115,2.750145,-0.5073805,True,False,False,False
172,23,Fan,-1,2,0,1915.801,5.993463,-0.5418471,2.281262,-7.607336,6.647417,-0.4232886,False,5.726219,0.12,False,Zhao,1914.761,1912.014,False,2.281262,2.603051,-0.4437002,False,False,False,False
173,23,Zhao,1,2,1,1921.681,-6.122606,0.006070996,-6.707963,-1.329499,-3.002838,-0.3043348,False,-5.751219,0.12,False,Fan,1921.321,1912.014,False,-7.453292,-4.262128,-0.4797708,False,False,False,False
174,23,Zhao,1,2,2,1927.881,-5.98731,-1.612697,-4.900261,-7.960351,-2.615694,0.4709876,False,-5.751219,0.12,False,Zhao,1926.721,1912.014,False,-5.444735,-2.868292,-0.7261895,False,False,False,False
175,23,Fan,-1,3,2,1949.281,6.313953,-1.52066,16.245,0.004000053,4.482128,1.416592,False,5.726219,0.12,False,Fan,1949.041,1936.257,False,16.245,2.117692,-0.3943222,False,False,False,False
176,23,Zhao,1,3,3,1966.561,-5.916932,-1.608241,-2.752537,0,-4.390077,-0.494245,False,-5.751219,0.12,False,Fan,1966.501,1955.396,False,-3.039797,-6.115271,-0.3390084,False,False,False,False
177,23,Fan,-1,4,3,1972.301,6.145724,0.166277,11.115,-4.858002,2.236026,-1.014873,False,5.763719,2.4,True,Fan,1971.561,1971.654,False,11.115,-1.659441,-0.2772158,False,False,False,False
178,23,Zhao,1,4,4,1979.661,-6.060828,-0.423734,-5.357793,1.926201,-3.813262,-0.461432,False,-5.751219,0.12,False,Fan,1979.361,1973.637,False,-5.357793,-5.228387,-0.9073231,False,False,False,False
179,23,Zhao,1,4,5,1994.361,-6.342364,-1.488749,-22.44,0.004000008,3.584056,-0.5438401,False,-5.751219,0.12,False,Zhao,1993.961,1989.013,False,-22.44,0.4148267,-0.3886019,False,False,False,False
180,24,Fan,-1,1,0,1999.861,5.998,-1.123267,4.242398,-5.869759,5.084405,-0.7282015,False,5.555526,2.4,True,Zhao,1999.741,1999.813,False,4.242398,4.318352,-0.1479108,False,False,False,False
181,24,Zhao,1,1,1,2009.121,-6.02265,-0.78403,-4.404297,-1.192237,-1.121315,-0.441482,False,-5.751219,0.12,False,Fan,2008.081,2001.653,False,-5.532787,-2.25809,-0.5156491,False,False,False,False
182,24,Fan,-1,2,1,2027.281,5.961213,-1.611125,1.607057,0,5.550303,0.52669,False,3.995774,0.12,False,Zhao,2026.021,2026.034,False,1.641164,4.80972,-0.4987268,False,True,False,False
183,24,Zhao,1,2,2,2067.921,-5.913198,-1.565411,0.5677655,1.595044,-4.792339,-0.5044821,False,-5.681471,0.12,False,Fan,2067.901,2034.936,False,0.5677655,-6.138714,-0.4475743,False,False,False,False
184,24,Fan,-1,3,2,2072.581,6.294709,1.119195,11.115,-4.80312,1.538346,-0.8658262,False,5.763719,2.4,True,Fan,2071.681,2072.021,False,11.115,-1.801536,-0.6584138,True,False,False,False
185,25,Fan,-1,1,0,2088.101,5.925539,-0.1216671,0.626563,-9.782307,2.045372,0.5695863,False,5.568469,2.4,True,Fan,2087.381,2087.853,False,11.115,-0.7882047,0.4289009,False,False,False,False
186,25,Fan,-1,2,0,2103.321,5.99518,-1.610878,2.447211,0,5.673044,1.237133,False,4.463909,0.12,False,Fan,2102.901,2101.456,False,4.340636,6.012897,-0.6414195,False,True,False,False
187,25,Zhao,1,2,1,2108.961,-5.933393,0.9722878,-3.516247,2.462505,-0.862561,-0.4585817,True,-5.751219,2.4,False,Zhao,2106.881,2101.456,False,-4.754681,-1.97083,-0.572256,True,False,False,False
188,25,Fan,-1,3,1,2119.181,6.326771,0.8393353,11.115,0.6299995,6.422953,-0.3584669,True,5.763719,2.4,False,Fan,2119,2114.713,False,11.115,4.3033,-0.4067577,True,False,False,False
189,25,Zhao,1,3,2,2127.141,-5.88461,-1.57834,-0.9436793,-6.465674,-3.015002,-0.3846544,False,-5.528978,0.12,False,Zhao,2124.361,2119.713,False,-4.12716,-4.129005,-0.5348413,False,False,False,False
190,25,Fan,-1,4,2,2135.721,6.168037,0.1050011,10.8,-3.023482,2.568197,-0.4320551,False,-1.252879,0.12,True,Fan,2135.141,2135.673,False,10.8,0.5073217,-0.4347031,False,False,False,False
191,25,Fan,-1,5,2,2143.301,5.922369,-0.3518225,0.6210344,1.387601,6.369658,-0.4272239,False,5.726219,0.12,False,Zhao,2143.281,2137.034,False,0.6210344,5.192998,-0.1693703,False,True,False,False
192,25,Fan,-1,6,2,2147.941,6.29938,0.9008499,11.115,-1.722,3.461225,-0.9304543,False,5.763719,2.4,True,Fan,2147.521,2147.62,False,11.115,2.121329,-0.2522826,True,False,False,False
193,25,Fan,-1,7,2,2153.480,6.108584,-1.611125,7.258611,0,2.553416,-1.284262,False,2.332792,0.12,True,Fan,2152.741,2152.856,False,10.71658,-2.040895,-0.4030142,False,False,False,False
194,25,Fan,-1,8,2,2158.500,6.202628,0.9385923,11.115,-3.094,3.065329,-0.8253888,False,5.763719,2.4,True,Fan,2157.941,2158.041,False,11.115,-0.7212845,-0.8246743,True,False,False,False
195,25,Fan,-1,9,2,2165.321,6.000136,0.2692474,4.231915,-8.495626,5.765244,-0.6221812,False,5.763719,2.4,False,Zhao,2163.801,2163.979,False,4.231915,1.269126,-0.5134114,True,False,False,False
196,25,Fan,-1,10,2,2171.321,6.162329,0.4718004,10.0035,2.739682,5.519896,-0.5539016,False,5.763719,2.4,True,Zhao,2171.221,2171.274,False,11.115,4.240366,0.1264796,False,False,False,False
197,26,Zhao,1,0,1,2186.161,-5.974326,-0.1406636,-3.096805,0.4905343,2.186736,-0.403637,False,-5.751219,0.12,False,Zhao,2183.041,2178.801,False,-5.005458,1.368468,-0.4907362,False,False,False,False
198,26,Zhao,1,0,2,2192.281,-5.923582,-1.585367,-2.621412,0.6857172,-3.531992,-0.4315439,False,-5.751219,0.12,False,Fan,2191.5,2178.801,False,-4.063195,-4.27639,-0.5557193,False,False,False,False
199,26,Zhao,1,0,3,2202.321,-6.11072,-1.611133,-7.648173,0,-3.195152,-0.4176047,False,-5.751219,0.12,False,Zhao,2202.021,2178.801,False,-9.125147,-4.583525,-0.3338448,False,False,False,False
200,26,Fan,-1,1,3,2208.281,6.338584,0.7489811,11.115,-3.094,0.7176084,-0.4004535,False,0.1323852,0.16,False,Fan,2207.721,2207.148,False,11.115,-0.4322865,0.476695,False,False,False,False
201,26,Fan,-1,2,3,2212.341,6.142631,0.1117735,10.8,-3.362103,2.239654,0.3205028,False,5.726219,0.12,False,Fan,2211.581,2209.074,False,10.8,-0.5950818,-0.523719,False,False,False,False
202,26,Fan,-1,3,3,2218.741,6.112177,-1.041795,5.782503,-1.493654,2.861118,1.194847,False,3.341994,0.12,False,Fan,2218.181,2217.814,False,6.345996,3.088399,-0.4470594,False,False,False,False
203,26,Fan,-1,4,3,2226.181,5.93809,-1.607496,-0.03356075,1.597901,5.823469,-0.3467106,False,5.726219,0.12,True,Zhao,2226.161,2226.161,True,-0.03356075,4.027229,-0.4244007,False,False,False,False
204,26,Fan,-1,5,3,2230.421,6.164837,0.03722612,11.115,-2.506,2.975789,-0.3816446,False,5.763719,2.4,True,Fan,2229.921,2230.116,False,11.115,1.198727,-0.4843655,False,False,False,False
205,26,Fan,-1,6,3,2240.480,6.267453,0.09577511,10.8,-2.562182,4.072308,-0.5296779,False,-1.680042,0.12,True,Fan,2239.941,2240.441,False,12.35672,0.5649227,-0.3551028,False,False,False,False
206,26,Zhao,1,6,4,2258.861,-5.826523,-1.300078,2.018489,-0.9963218,-4.111402,-0.44118,False,-5.474969,0.12,False,Fan,2258.841,2244.457,False,2.018489,-5.8767,-0.4032561,False,False,False,False
207,26,Zhao,1,6,5,2264.541,-5.95228,-1.584914,-3.626595,-1.979398,-4.300528,-0.4158401,False,-5.751219,0.12,False,Fan,2264.261,2244.457,False,-3.626595,-5.443399,-0.5347376,False,False,False,False
208,27,Fan,-1,1,0,2270.980,5.915362,-0.7498276,0,-3.316553,5.209611,-0.4266471,False,5.518608,2.4,True,Zhao,2270.941,2270.791,True,0,3.633528,-0.6154537,False,False,False,False
209,27,Zhao,1,1,1,2283.441,-5.991738,-1.059574,-4.202423,-1.851244,0.8902376,-0.3993365,False,-5.751219,0.12,False,Fan,2281.361,2270.791,False,-4.242137,0.3331447,-0.4062318,False,False,False,False
210,27,Zhao,1,1,2,2307.041,-5.927129,-1.601965,-2.829515,-0.2044803,-4.862385,-0.4945935,False,-4.90615,0.12,False,Fan,2307,2297.615,False,-2.829515,-5.895617,-0.3503885,False,True,False,False
211,27,Fan,-1,2,2,2314.801,6.00328,0.2766289,2.777053,-2.604205,5.294134,-0.4464946,False,5.415088,2.4,False,Fan,2314.541,2312.479,False,2.777053,4.999813,0.9036258,False,True,False,False
212,27,Fan,-1,3,2,2319.901,6.245729,0.4363513,11.115,1.022,6.822614,-0.5837444,True,5.763719,2.4,False,Fan,2319.761,2316.278,False,11.115,4.443717,-0.4193942,True,False,False,False
213,27,Zhao,1,3,3,2332.901,-5.928428,-1.596574,-2.293658,-0.6997753,-3.465523,-0.5101813,False,-5.707794,0.12,False,Fan,2329.041,2316.278,False,-2.48943,-4.68721,-0.5563284,False,False,False,False
214,27,Zhao,1,3,4,2344.701,-5.9324,-1.594577,-2.982858,0.9651897,-2.079548,-0.493873,False,-5.751219,0.12,False,Fan,2343.301,2316.278,False,-4.586261,-3.059488,-0.4417726,False,False,False,False
215,27,Zhao,1,3,5,2351.941,-5.968234,-1.17017,-1.254303,-6.084148,-3.657181,-0.4094189,False,-5.751219,0.12,False,Fan,2351.921,2316.278,False,-1.254303,-6.291206,-0.364244,False,False,False,False
216,28,Zhao,1,0,1,2366.021,-5.98068,-0.4806058,-3.259194,6.405636,-0.1249066,-0.3606775,False,-5.751219,0.12,False,Zhao,2364.181,2358.732,False,-4.92063,-0.859615,-0.4421554,False,False,False,False
217,28,Zhao,1,0,2,2371.381,-6.023531,0.7852899,-4.493034,-6.709166,-1.578277,-0.3762877,True,-5.751219,2.4,False,Zhao,2370.261,2358.732,False,-4.99226,-3.017788,-0.4644555,True,False,False,False
218,28,Fan,-1,1,2,2379.461,6.157998,1.236611,11.115,-3.451997,2.66447,-1.025151,False,5.763719,2.4,True,Fan,2378.621,2378.758,False,11.115,-2.817413,-0.588391,True,False,False,False
219,28,Fan,-1,2,2,2384.221,6.208146,0.9990482,8.462739,3.234058,3.640965,0.5192923,False,2.995059,0.12,True,Fan,2383.561,2383.678,False,10.10247,1.65458,-0.4850284,True,False,False,False
220,28,Zhao,1,2,3,2391.421,-5.984214,-1.365147,-4.811701,4.346087,-3.636179,-0.4679424,False,-5.751219,0.12,False,Fan,2391.021,2385.45,False,-5.64197,-4.683971,-0.5248765,False,False,False,False
221,28,Fan,-1,3,3,2395.381,6.307917,0.04061145,10.8,-4.090043,-0.1676374,1.150502,False,-5.751219,0.12,True,Fan,2394.521,2395.316,False,14.77816,-1.607692,-0.717367,True,False,False,False
222,28,Zhao,1,3,4,2401.141,-6.052525,-1.231379,-5.586874,-1.639741,-1.976151,-0.7138385,False,-5.751219,0.12,False,Zhao,2400.421,2397.241,False,-8.487517,-2.616454,0.571573,False,False,False,False
223,28,Fan,-1,4,4,2405.101,6.308009,0.04061146,10.8,-4.072711,-0.1550229,0.3842047,False,5.726219,0.12,False,Fan,2404.221,2397.241,False,18.37175,-2.335353,-0.5934116,False,False,False,False
224,28,Fan,-1,5,4,2414.061,6.284332,1.037111,11.115,-0.9802786,3.087836,0.767129,True,5.763719,2.4,False,Fan,2413.641,2405.415,False,11.115,1.936207,1.07925,False,False,False,False
225,28,Fan,-1,6,4,2418.761,6.136944,1.268049,0.2261432,-7.83072,3.539286,-1.003615,False,5.763719,2.4,True,Fan,2418.201,2418.352,False,11.115,1.677513,0.3280593,True,False,False,False
226,28,Zhao,1,6,5,2425.881,-5.944813,-1.277462,-2.561213,1.746926,-4.028773,-0.3477817,False,-5.751219,0.12,False,Fan,2423.521,2420.719,False,-4.617236,-4.999865,-0.5581255,False,False,False,False
227,28,Fan,-1,7,5,2430.781,6.350728,0.9384239,11.115,-4.743254,1.255268,-0.3897692,False,5.725413,2.4,True,Fan,2429.941,2430.337,False,11.115,-2.55258,-0.838824,True,False,False,False
228,29,Fan,-1,1,0,2451.421,6.101893,1.078162,1.780769,-8.916774,4.20497,1.383516,True,5.763719,2.4,False,Zhao,2451.201,2448.932,False,11.11949,0.001792161,-0.5312397,True,False,False,False
229,29,Fan,-1,2,0,2473.441,6.12711,1.127953,-1.466912,-8.381172,4.067131,-0.5563128,False,5.763719,2.4,True,Fan,2473.141,2473.218,False,11.115,2.236117,0.5185236,True,False,False,False
230,29,Fan,-1,3,0,2485.941,6.11635,-0.9543689,8.369083,-1.554609,1.369532,0.5689063,False,5.726219,0.12,False,Fan,2485.361,2484.417,False,8.369083,2.207533,-0.8961648,False,False,False,False
231,29,Zhao,1,3,1,2490.761,-6.070208,-1.376435,-5.827347,5.25718,-1.170109,1.103213,False,-5.751219,0.12,False,Zhao,2489.721,2486.451,False,-8.049675,-0.2572905,-0.4883274,False,False,False,False
232,29,Zhao,1,3,2,2500.341,-5.944124,-1.47719,-3.722079,-10.67446,-4.281681,-0.4258508,False,-5.751219,0.12,False,Zhao,2498.561,2486.451,False,-3.722079,-4.755517,0.6218304,False,False,False,False
233,29,Zhao,1,3,3,2513.941,-5.954731,-1.096332,-3.839535,-2.760644,-3.307399,-0.4256866,False,-5.751219,0.12,False,Zhao,2512.401,2486.451,False,-5.789089,1.327079,-0.4134087,False,False,False,False
234,29,Fan,-1,4,3,2518.761,5.952737,0.7207046,1.550049,-9.246338,2.728791,-1.037039,False,5.763719,2.4,True,Fan,2518.081,2518.181,False,11.115,-1.466793,-0.8948996,True,False,False,False
235,29,Fan,-1,5,3,2526.581,6.125804,-1.575882,5.333014,1.572369,5.642328,1.000542,False,4.005465,0.12,False,Fan,2526.48,2525.661,False,6.637918,5.468897,-0.5668639,False,True,False,False
236,30,Fan,-1,1,0,2549.500,6.084363,-1.551334,6.141893,0.4067805,2.251235,2.231067,False,2.464645,0.12,False,Fan,2548.901,2548.834,False,8.514544,2.568925,-0.435387,False,False,False,False
237,30,Zhao,1,1,1,2568.161,-6.1345,-1.593845,-4.12702,7.827566,4.73909,-0.4628128,False,-5.751219,0.12,False,Fan,2566.441,2566.541,False,11.115,3.384217,-0.4053371,False,False,False,False
238,30,Fan,-1,2,1,2573.941,6.033391,-1.432903,5.616272,-6.382766,4.805268,-0.4832228,False,5.763719,2.4,True,Fan,2572.621,2573.061,False,5.616272,1.119204,-0.4573103,False,False,False,False
239,30,Zhao,1,2,2,2580.721,-6.007981,-1.111024,-4.234756,1.596511,-2.389451,-0.4564627,False,-5.751219,0.12,False,Fan,2578.881,2573.061,False,-4.303782,-3.404384,-0.5419626,False,False,False,False
240,30,Zhao,1,2,3,2596.861,-5.894849,-1.538838,-1.915059,-0.07718901,-4.740407,-0.4226322,False,-5.127642,0.12,False,Fan,2596.841,2573.061,False,-1.915059,-5.907046,-0.4536303,False,True,False,False
241,30,Fan,-1,3,3,2601.421,6.176948,0.6882517,11.115,-5.028522,-1.085484,1.184651,False,5.606475,2.4,True,Fan,2600.561,2601.181,False,11.115,-1.486727,-0.3872727,True,False,False,False
242,30,Fan,-1,4,3,2620.601,6.034451,-1.388819,5.805995,0.4504499,5.432944,1.059993,False,-0.5223956,0.12,False,Fan,2620.401,2618.654,False,7.267691,5.279555,-0.499649,False,True,False,False
243,30,Fan,-1,5,3,2625.161,5.987562,1.077628,2.713167,-4.190514,5.398876,1.471602,False,5.176317,0.28,True,Zhao,2624.441,2624.595,False,3.01463,5.285422,-0.4690807,True,False,False,False
244,31,Fan,-1,1,0,2629.941,5.925539,-0.1216671,0.626563,-9.782307,2.097384,0.3504208,False,5.511646,2.4,True,Fan,2629.221,2629.656,False,11.115,-0.8324757,0.4181197,False,False,False,False
245,31,Fan,-1,2,0,2642.961,5.975378,0.06943199,2.270218,-3.106806,6.716352,0.1779561,False,5.726219,0.12,False,Zhao,2642.281,2631.892,False,2.270218,2.873796,-0.5024695,False,False,False,False
246,31,Fan,-1,3,0,2654.021,6.224097,-1.442495,11.11136,-0.2179766,1.027951,-0.5618241,False,5.347853,0.12,True,Fan,2653.261,2653.793,False,12.60174,-3.44511,-0.5709597,False,False,False,False
247,31,Zhao,1,3,1,2662.861,-5.885426,-0.4277746,-1.052477,-1.029793,-2.356594,-0.4894803,False,-5.561723,0.12,False,Zhao,2658.101,2655.556,False,-4.017599,-3.295968,-0.5032163,False,False,False,False
248,31,Zhao,1,3,2,2669.201,-5.931795,-0.7420276,-3.21071,5.016186,-1.590518,-0.7427943,False,-5.751219,0.12,False,Fan,2668.561,2655.556,False,-5.151556,-3.613362,-0.4148207,False,False,False,False
249,31,Fan,-1,4,2,2673.121,6.135569,0.1189379,11.08571,-3.720325,0.3983614,1.635193,False,-5.751219,0.12,True,Fan,2672.261,2673.074,False,15.23164,-2.057634,-0.6150105,True,False,False,False
250,31,Fan,-1,5,2,2677.361,6.277667,0.1540641,11.115,-3.298002,2.602396,-0.4319084,False,5.763719,2.4,True,Fan,2676.5,2676.934,False,11.115,-1.934845,-0.4645138,False,False,False,False
251,31,Zhao,1,5,3,2681.901,-6.178209,-0.4960639,-9.794927,-5.377151,-0.5227262,1.568437,False,-5.751219,0.12,False,Zhao,2681.121,2678.637,False,-10.88325,0.1522008,-0.4373411,False,False,False,False
252,31,Zhao,1,5,4,2690.861,-5.942803,-1.583668,-2.349721,-1.566308,-4.183467,-0.4329306,False,-5.751219,0.12,False,Fan,2690.841,2678.637,False,-2.349721,-5.575937,-0.4783684,False,False,False,False
253,31,Zhao,1,5,5,2696.721,-5.936508,-1.466323,-2.264103,0.08840583,-3.901648,-0.4062727,False,-5.751219,0.12,False,Fan,2695.841,2678.637,False,-4.515346,-4.949037,-0.3872395,False,False,False,False
254,31,Fan,-1,6,5,2714.521,6.099653,-1.306421,7.976774,5.532802,-0.89637,-0.3960105,False,5.697361,2.4,True,Fan,2713.48,2713.799,False,11.115,-5.697332,-0.4385755,False,False,False,False
255,32,Fan,-1,1,0,2721.541,6.000516,-0.1887775,3.365082,-1.471998,4.518519,-1.165607,False,3.954425,2.4,True,Zhao,2720.341,2720.418,False,5.970202,3.000867,-0.6273131,False,False,False,False
256,32,Zhao,1,1,1,2731.641,-5.974136,0.4227804,-3.342956,3.210364,-0.2919402,-0.3013627,True,-5.751219,2.4,False,Zhao,2730.081,2725.557,False,-6.761857,-1.470556,-0.4603783,True,False,False,False
257,32,Fan,-1,2,1,2737.381,6.078248,0.3422907,4.78913,-4.111052,4.840336,-1.18824,False,4.139155,2.4,True,Fan,2736.521,2736.932,False,4.78913,1.230886,-0.5505936,True,False,False,False
258,32,Zhao,1,2,2,2747.141,-5.972607,0.1858263,-3.379671,-0.2900772,-4.720231,-0.4061119,False,-5.239528,0.12,False,Fan,2747.041,2738.913,False,-3.379671,-5.736188,-0.6308777,False,True,False,False
259,32,Fan,-1,3,2,2756.921,6.111105,0.8325972,5.145736,-2.846106,5.79582,-0.4061233,False,3.071156,0.08,True,Zhao,2756.181,2756.28,False,5.145736,2.650195,-0.4921821,True,False,False,False
260,32,Fan,-1,4,2,2765.661,6.091265,-1.116388,5.452899,1.260128,3.470241,-0.8081619,False,5.477447,0.12,True,Zhao,2765.141,2765.353,False,6.751666,2.310842,-0.4614176,False,False,False,False
261,32,Zhao,1,4,3,2770.381,-6.16578,-1.57922,-8.060759,0.6454401,0.2839779,-0.5836239,False,-5.751219,0.12,False,Zhao,2769.401,2765.353,False,-7.829297,-0.6572903,-0.7131915,False,False,False,False
262,32,Zhao,1,4,4,2777.461,-5.923192,-0.4191205,-2.748276,4.873606,-2.73672,-0.8898509,False,-5.751219,0.12,False,Zhao,2775.841,2765.353,False,-3.735537,-5.084017,-0.8803225,True,False,False,False
263,32,Zhao,1,4,5,2782.281,-5.902261,1.092639,0.4223436,-9.372478,-1.907065,0.5523974,True,-5.751219,2.4,False,Zhao,2781.98,2765.353,False,-13.68306,-2.870548,0.003000971,True,False,False,False
264,32,Fan,-1,5,5,2786.921,6.312836,0.00301908,11.115,-5.838002,1.510587,-1.15775,False,5.763719,2.4,True,Fan,2786.081,2786.281,False,11.115,-0.6458635,-0.6704508,True,False,False,False
265,32,Zhao,1,5,6,2793.061,-5.938742,1.181669,-3.305197,3.131223,-0.3618244,-0.4581316,True,-5.751219,2.4,False,Fan,2790.561,2788.335,False,11.115,-2.167157,-0.5684657,True,False,False,False
266,32,Zhao,1,5,7,2798.681,-6.013318,-1.564695,-6.303411,0.5134459,-3.546943,-0.4375743,False,-5.751219,0.12,False,Fan,2798.441,2788.335,False,-7.591883,-4.863245,-0.6614056,False,False,False,False
267,33,Zhao,1,0,1,2814.281,-6.020525,-1.552019,-5.196996,-5.083474,-0.01176883,-0.3905126,False,-5.751219,0.12,False,Fan,2812.541,2810.211,False,-6.435331,-1.031217,-0.4945637,False,False,False,False
268,33,Fan,-1,1,1,2823.500,6.175578,0.1154493,10.8,-3.545894,0.04256076,1.269841,False,5.726219,0.12,False,Fan,2822.641,2810.211,False,14.79953,-1.775298,-0.6566179,True,False,False,False
269,33,Fan,-1,2,1,2834.041,6.162847,0.1646411,11.115,1.218,6.600751,-0.4505679,False,5.726219,0.12,False,Fan,2833.921,2829.292,False,11.115,4.577996,-0.370049,False,False,False,False
270,33,Fan,-1,3,1,2840.081,6.179779,1.085212,11.115,-0.1540002,3.334645,-0.4000895,False,3.628272,2.4,False,Fan,2839.821,2838.281,False,11.115,2.210145,0.713008,False,False,False,False
271,33,Fan,-1,4,1,2849.781,6.090916,-1.552526,5.73589,0.004000008,4.089762,0.8460532,False,5.049582,0.12,True,Zhao,2849.321,2849.417,False,5.73589,1.728399,-0.5104317,False,False,False,False
272,33,Zhao,1,4,2,2855.521,-5.952372,0.01936434,-3.333705,-2.968284,2.089621,-0.4404951,False,-5.751219,0.12,False,Zhao,2853.541,2849.417,False,-6.872855,0.1730898,-0.4656599,False,False,False,False
273,33,Zhao,1,4,3,2859.941,-6.093568,-1.457295,-7.381254,-8.627508,-0.3188581,-0.5438252,False,-5.751219,0.12,False,Zhao,2858.821,2849.417,False,-8.201393,-2.035643,-0.4400066,False,False,False,False
274,33,Zhao,1,4,4,2865.061,-5.958625,-0.8011857,-4.694292,-5.802292,-1.645343,0.8324732,False,-5.751219,0.12,False,Fan,2864.101,2849.417,False,-4.694292,-1.934805,-0.6422791,False,False,False,False
275,33,Fan,-1,5,4,2870.460,6.340265,-0.3700284,11.115,-5.054001,0.6242565,0.756018,False,5.763719,2.4,True,Fan,2869.701,2870.275,False,11.115,-1.991297,-0.4515159,False,False,False,False
276,33,Fan,-1,6,4,2878.960,6.136589,0.410192,11.115,0.63,4.715046,-0.8166895,False,5.763719,2.4,True,Fan,2878.781,2878.835,False,11.115,3.588339,-0.3911934,True,False,False,False
277,33,Fan,-1,7,4,2885.821,6.167046,-0.01465099,11.115,-6.034002,0.6453488,-0.3856684,False,5.758298,2.4,True,Fan,2884.96,2885.236,False,11.115,-2.893703,-0.5691389,False,False,False,False
278,33,Zhao,1,7,5,2895.960,-5.966926,-0.9147202,-3.105079,2.832695,-3.078722,-0.5349627,False,-5.751219,0.12,False,Fan,2893.881,2885.236,False,-4.074351,-4.015963,-0.5453039,False,False,False,False
279,34,Fan,-1,1,0,2907.361,6.016025,-1.523088,2.722351,0.3563508,4.034266,-0.3417456,False,5.288003,0.12,True,Fan,2906.721,2906.957,False,6.988454,1.737988,-0.6999178,False,False,False,False
280,34,Fan,-1,2,0,2911.941,6.18954,1.11687,-2.119397,-8.042958,5.344091,-0.5629284,False,5.763719,2.4,True,Fan,2911.821,2911.819,False,11.115,4.882779,1.079843,False,True,False,False
281,34,Fan,-1,3,0,2916.960,6.05315,1.164514,5.69202,-1.119571,5.611033,-0.4109418,False,5.763719,2.4,False,Fan,2916.881,2915.933,False,5.69202,5.386476,0.8237933,False,True,False,False
282,34,Fan,-1,4,0,2923.621,6.033598,0.4527435,4.150685,-4.106301,5.481387,0.420581,True,5.763719,2.4,False,Zhao,2923.521,2921.179,False,4.150685,4.053565,-0.5833304,True,False,False,False
283,34,Fan,-1,5,0,2927.701,6.336958,1.036942,11.115,-1.394666,2.862322,-0.9935753,False,5.763719,2.4,True,Fan,2927.241,2927.339,False,11.115,2.671583,0.875071,False,False,False,False
284,34,Fan,-1,6,0,2936.041,6.006286,-1.607179,3.424863,0,4.536629,0.5084711,False,-0.3785024,0.12,True,Fan,2934.341,2935.215,False,5.382216,0.4796977,-0.4654122,False,False,False,False
285,34,Fan,-1,7,0,2940.761,6.344474,0.1711134,11.115,-1.918,2.707552,1.930254,False,5.763719,2.4,True,Fan,2940.321,2940.437,False,11.115,2.20619,0.3963681,False,False,False,False
286,34,Zhao,1,7,1,2953.500,-5.981277,-1.248924,-3.228118,-0.2467037,-4.57485,-0.4064054,False,-5.751219,0.12,False,Fan,2951.301,2945.261,False,-4.224496,-5.623758,-0.5750815,False,False,False,False
287,34,Zhao,1,7,2,2958.021,-6.043053,1.121179,-8.594864,-2.034423,-1.918378,0.5785971,True,-5.736155,2.4,False,Zhao,2957.421,2945.261,False,-9.549849,-3.802007,-0.526256,True,False,False,False
288,34,Fan,-1,8,2,2975.581,6.046787,0.565044,3.614814,-2.135398,5.087347,-0.9092055,False,2.949509,2.4,True,Zhao,2973.141,2973.661,False,4.269368,-0.4226039,-0.4346204,True,False,False,False
289,34,Fan,-1,9,2,2981.341,6.150569,1.227989,11.115,1.402311,4.413737,-0.4501598,False,5.763719,2.4,False,Fan,2981.081,2980.153,False,11.115,3.437486,-0.4895267,True,False,False,False
290,34,Fan,-1,10,2,2985.681,6.399131,0.4971152,13.06505,-1.111718,2.777483,-0.6671515,False,5.763719,2.4,True,Fan,2985.261,2985.353,False,13.06505,0.9599078,-0.4789899,True,False,False,False
291,35,Fan,-1,1,0,2991.061,5.951362,0.9628279,0.7452096,-8.596074,1.077469,0.6510009,False,5.763719,2.4,True,Fan,2990.46,2990.916,False,11.115,-0.9404008,0.9637308,False,False,False,False
292,35,Zhao,1,1,1,3027.781,-5.941855,-1.611125,-2.528718,0,-1.993654,-0.4443308,False,-5.74483,0.12,False,Fan,3025.241,3020.321,False,-3.570527,-3.145602,-0.5247957,False,False,False,False
293,35,Fan,-1,2,1,3032.541,6.286417,0.6484692,11.39709,-3.008937,-0.4962853,0.9515582,False,5.680912,2.4,True,Fan,3031.821,3032.421,False,11.39709,-1.106391,-0.4766737,True,False,False,False
294,35,Zhao,1,2,2,3039.861,-6.019477,-0.9120371,-5.614022,2.911901,-3.429787,-0.5856431,False,-5.751219,0.12,False,Zhao,3039.421,3032.421,False,-9.805823,-0.6914095,-0.4615127,False,False,False,False
295,35,Zhao,1,2,3,3043.741,-6.528462,-1.502505,-22.78089,0.004000008,0.03295887,-0.7336523,False,-5.751219,0.12,False,Zhao,3043.46,3032.421,False,-22.78089,-1.170323,-0.6135105,False,False,False,False
296,35,Fan,-1,3,3,3048.161,6.030266,1.110399,2.004867,-8.656227,2.052618,-1.151948,False,5.763719,2.4,True,Fan,3047.201,3047.552,False,11.115,-3.31315,0.744151,False,False,False,False
297,35,Fan,-1,4,3,3065.061,6.20109,0.9729173,11.115,-2.798384,1.200032,0.4333143,False,5.534282,2.4,True,Fan,3064.401,3064.859,False,11.115,-2.233563,-0.06810769,True,False,False,False
298,35,Zhao,1,4,4,3070.861,-5.950948,1.302047,-3.43063,2.038544,-1.372411,-0.5373701,True,-5.751219,2.4,False,Zhao,3068.721,3064.859,False,-4.449176,-2.233025,-0.3929741,True,False,False,False
299,36,Zhao,1,0,1,3089.781,-5.952336,-0.5810177,-2.714972,-1.833494,-4.826292,-0.3736964,False,-5.751219,0.12,False,Zhao,3089.561,3083.1,False,-2.714972,-6.823629,-0.4749621,False,False,False,False
300,36,Zhao,1,0,2,3097.741,-5.923357,-1.224889,-3.280595,-5.669794,-2.502791,-0.40919,False,-5.751219,0.12,False,Fan,3096.981,3083.1,False,-3.280595,-3.513138,-0.4123514,False,False,False,False
301,36,Fan,-1,1,2,3105.081,6.079816,-1.611162,5.362895,0,3.244874,-0.005698219,False,4.377197,0.12,True,Fan,3104.321,3104.577,False,6.854824,0.2493525,-0.4755897,False,False,False,False
302,36,Fan,-1,2,2,3111.341,6.098566,1.275646,-2.412436,-8.985121,5.72563,-0.003797788,True,5.763719,2.4,False,Fan,3111.101,3104.577,False,11.115,3.200463,-0.5334352,True,False,False,False
303,36,Zhao,1,2,3,3121.701,-6.058961,-1.581001,-5.429356,0.6677822,-3.487937,-0.4941326,False,-5.751219,0.12,False,Zhao,3120.041,3117.917,False,-5.972802,3.132447,-0.5345087,False,False,False,False
304,36,Fan,-1,3,3,3126.841,6.325637,0.9397045,11.115,-1.722,2.021188,-0.02956749,False,3.352162,2.4,False,Fan,3126.421,3125.44,False,11.115,0.4623811,0.3074901,False,False,False,False
305,36,Zhao,1,3,4,3135.081,-6.054063,1.218785,-2.638008,-5.672606,1.254173,2.791281,True,-5.751219,2.4,False,Zhao,3134.241,3127.233,False,-6.872054,-1.674499,-0.4214499,True,False,False,False
306,36,Fan,-1,4,4,3157.901,6.167756,1.089912,11.115,-2.584555,2.764245,-0.8108864,False,5.763719,2.4,True,Fan,3157.201,3157.3,False,11.115,-0.6107988,1.559919,False,False,False,False
307,36,Fan,-1,5,4,3168.581,5.972901,-0.2212202,1.70186,3.695212,3.691322,-0.01843785,False,2.264106,2.4,True,Fan,3167.161,3167.818,False,2.906206,2.235533,-0.8012497,True,False,False,False
308,37,Fan,-1,1,0,3171.681,6.041571,1.110621,0.9867465,-8.165289,1.428288,0.5186124,False,5.574072,2.4,True,Fan,3171.101,3171.536,False,11.115,-0.7774373,0.9554886,False,False,False,False
309,37,Zhao,1,1,1,3177.781,-6.043447,-1.45032,-6.241114,-10.90887,2.916256,-0.3873657,False,-5.751219,0.12,False,Fan,3175.461,3175.56,False,11.87848,-1.750374,-0.5256367,False,False,False,False
310,37,Zhao,1,1,2,3183.121,-5.980919,-0.4876306,-4.122799,-7.843215,-1.263392,-0.4253125,False,-5.751219,0.12,False,Zhao,3181.641,3175.56,False,-4.580888,-2.194891,-0.4778395,False,False,False,False
311,37,Fan,-1,2,2,3194.521,6.226353,0.4318182,14.6942,-1.33,1.20614,-0.3795966,False,5.763719,2.4,False,Fan,3194.141,3193.481,False,14.6942,0.3806643,-0.414665,True,False,False,False
312,37,Zhao,1,2,3,3211.221,-5.949282,-1.611191,-2.66522,0,-4.223331,-0.5435159,False,-5.751219,0.12,False,Fan,3211.161,3199.995,False,-3.289009,-6.221562,-0.4160361,False,False,False,False
313,37,Zhao,1,2,4,3220.501,-5.967474,-1.458644,-3.629015,0.0530418,-5.057986,-0.4409708,False,-5.204648,0.12,False,Fan,3220.461,3199.995,False,-3.629015,-6.12142,-0.3770737,False,True,False,False
314,37,Fan,-1,3,4,3237.401,6.101067,-1.537031,6.705002,0.3549092,2.748643,-0.4048893,False,4.582849,0.12,True,Fan,3237.061,3237.034,False,7.040078,3.769967,-0.3570782,False,False,False,False
315,37,Zhao,1,3,5,3244.861,-5.943207,-0.4589107,-2.49428,-6.514017,-2.815589,-0.4952221,False,-5.751219,0.12,False,Zhao,3241.461,3237.034,False,-2.381061,-3.814403,-0.5405657,False,False,False,False
316,38,Zhao,1,0,1,3270.181,-6.103481,-0.791661,-6.357955,0.8269508,-3.534407,-0.4111047,False,-5.751219,0.12,False,Fan,3269.801,3266.857,False,-7.49368,-4.362382,-0.3724552,False,False,False,False
317,38,Zhao,1,0,2,3296.361,-5.879306,-0.6399806,-0.9286343,-0.02932109,-5.494082,-0.4719281,False,-0.04334122,0.12,False,Fan,3296.341,3266.857,False,-0.9286343,-6.29358,-0.4632806,False,True,False,False
318,38,Zhao,1,0,3,3302.661,-5.948535,-0.2092303,-3.176201,0.8765304,-2.9746,-0.4145893,False,-5.751219,0.12,False,Fan,3301.721,3266.857,False,-2.922893,-4.082554,-0.3749263,False,False,False,False
319,38,Zhao,1,0,4,3314.401,-5.960236,-0.8841121,-2.702706,4.318663,-1.077358,-0.4244316,False,-5.751219,0.12,False,Zhao,3311.281,3307.074,False,-2.75325,-1.722788,-0.5697834,False,False,False,False
320,38,Fan,-1,1,4,3318.901,6.186035,0.9255285,11.115,-4.693363,1.667847,-1.091602,False,5.763719,2.4,True,Fan,3318.041,3318.321,False,11.115,-1.442039,-0.8564487,True,False,False,False
321,38,Zhao,1,1,5,3328.761,-5.92479,-1.322406,-3.121714,-0.5176396,-1.550809,0.416609,False,-5.751219,0.12,False,Fan,3326.801,3323.298,False,-3.747857,-2.256915,-0.6717453,False,False,False,False
322,38,Zhao,1,1,6,3332.661,-6.445954,-1.579236,-22.44,0.004000008,0.06686172,-0.4124188,False,-5.751219,0.12,False,Zhao,3332.341,3323.298,False,-22.44,-1.118234,-0.6948693,False,False,False,False
323,38,Fan,-1,2,6,3348.101,6.008195,-1.606416,2.926436,0,5.241205,0.1881404,False,5.706433,0.12,True,Zhao,3347.881,3347.98,False,3.812107,4.180597,-0.5495022,False,False,False,False
324,39,Fan,-1,1,0,3352.281,6.13476,1.233622,1.136428,-7.991444,1.256251,1.0108,False,5.692501,2.4,True,Fan,3351.721,3352.232,False,11.115,-0.8933005,0.9697769,False,False,False,False
325,39,Fan,-1,2,0,3358.621,6.224187,1.189267,8.494784,-0.9717305,4.748509,-0.4245878,False,5.763719,2.4,True,Zhao,3358.121,3358.201,False,8.494784,1.028019,-0.5632196,True,False,False,False
326,39,Fan,-1,3,0,3364.081,6.17933,0.679451,11.115,-0.7419999,3.838789,-0.3552511,False,5.763719,2.4,True,Fan,3363.761,3363.839,False,11.115,2.485576,-0.3946191,True,False,False,False
327,39,Zhao,1,3,1,3377.901,-5.923563,-1.570741,-2.621894,0.5659922,-1.21913,-0.391854,False,-5.735752,0.12,False,Fan,3375.041,3368.001,False,-3.421435,-1.996733,-0.5211118,False,False,False,False
328,39,Fan,-1,4,1,3385.821,6.348006,-0.3078124,11.115,-4.662001,2.471746,-0.4325466,False,5.763719,2.4,True,Fan,3385.101,3385.141,False,11.115,-2.864632,-0.3875621,False,False,False,False
329,39,Zhao,1,4,2,3390.661,-6.046479,-0.3087934,-7.365472,-5.463313,0.2675469,-0.4805238,False,-5.751219,0.12,False,Zhao,3389.601,3387.141,False,-8.183858,-0.5316491,-0.4439629,False,False,False,False
330,39,Fan,-1,5,2,3407.861,5.945636,0.5290028,1.894706,-2.981747,6.272181,0.0429099,False,4.733144,2.4,False,Fan,3407.841,3400.421,False,1.894706,5.569058,0.1925157,False,True,False,False
331,39,Fan,-1,6,2,3412.401,6.123585,1.170695,-2.018094,-8.148692,5.26036,-0.474667,False,5.763719,2.4,True,Fan,3412.281,3411.801,False,11.115,4.588264,0.9505511,False,False,False,True
332,39,Fan,-1,7,2,3425.301,6.182695,0.1176295,11.89505,-3.654901,0.4037238,1.354711,False,5.726219,0.12,False,Fan,3424.501,3411.801,False,13.18543,-2.611794,-0.5037917,False,False,False,False
333,39,Zhao,1,7,3,3431.601,-5.967224,-1.010523,-4.239455,-3.505702,-1.328866,-0.4444871,False,-5.751219,0.12,False,Fan,3430.521,3427.012,False,-4.795946,-2.679965,-0.4185858,False,False,False,False
334,39,Fan,-1,8,3,3437.441,6.350274,0.01187538,11.115,-5.250002,2.107812,-0.7978218,False,5.763719,2.4,True,Fan,3436.661,3436.733,False,11.115,-1.68058,-0.2049086,False,False,False,False
335,40,Fan,-1,1,0,3442.581,6.041571,1.110621,0.9867465,-8.165289,1.029405,1.154959,False,5.763719,2.4,True,Fan,3442.001,3442.557,False,11.115,-0.9026669,1.189703,False,False,False,False
336,40,Zhao,1,1,1,3464.741,-5.891752,-0.8082725,-0.9471954,-0.2668843,-5.36034,-0.4708802,False,-0.1034222,0.12,False,Fan,3464.721,3446.3,False,-0.9471954,-6.244947,-0.4707403,False,True,False,False
337,40,Fan,-1,2,1,3473.941,6.226302,-1.611218,14.96109,0,2.254457,1.306196,False,5.726219,0.12,False,Fan,3473.601,3446.3,False,16.68332,1.230261,-0.5813816,False,False,False,False
338,40,Zhao,1,2,2,3479.801,-5.952251,0.2066799,-3.286571,-2.910036,2.315192,-0.3952566,True,-5.751219,2.4,False,Zhao,3477.641,3474.718,False,-6.035764,0.4168732,-0.4894867,True,False,False,False
339,40,Zhao,1,2,3,3485.421,-5.952869,-1.577284,-2.439811,1.548318,-3.619165,-0.3572178,False,-5.751219,0.12,False,Fan,3483.881,3474.718,False,-3.295118,-4.353218,-0.4107513,False,False,False,False
340,40,Zhao,1,2,4,3495.601,-5.939595,-1.223114,-2.882515,-5.994829,-0.7956369,-0.4031142,False,-5.751219,0.12,False,Zhao,3492.841,3474.718,False,-4.629189,-1.958511,-0.518438,False,False,False,False
341,40,Zhao,1,2,5,3506.901,-5.839777,-0.229317,1.791636,-0.216367,-4.972218,-0.3468374,False,-5.536714,0.12,False,Fan,3506.881,3474.718,False,1.791636,-6.399014,-0.6114343,False,True,False,False
342,40,Fan,-1,3,5,3511.681,6.241674,-0.3010609,11.115,-6.230002,-1.690267,1.286196,False,5.763719,2.4,True,Fan,3510.801,3511.457,False,11.115,-2.179064,-0.7457228,False,False,False,False
343,40,Fan,-1,4,5,3518.821,6.345687,0.9232947,11.115,2.92351,5.574551,-0.5679526,False,5.763719,2.4,True,Fan,3518.681,3518.236,False,11.115,3.818429,-0.4045671,True,False,False,False
344,41,Fan,-1,1,0,3534.621,5.983128,0.3930631,2.202919,-0.4980249,4.809538,-0.9308779,False,4.519397,2.4,True,Zhao,3532.841,3533.173,False,4.163311,4.128533,-0.4879794,True,False,False,False
345,41,Fan,-1,2,0,3560.441,6.063099,1.010505,6.905265,-2.267295,4.718665,0.6508907,False,5.763719,2.4,True,Fan,3559.821,3560.337,False,6.905265,1.785831,0.09131353,True,False,False,False
346,41,Zhao,1,2,1,3568.701,-5.928021,-1.53822,-1.188812,8.260279,-1.860129,-0.3584937,False,-5.620678,0.12,False,Zhao,3566.801,3560.337,False,-2.525576,-2.736434,-0.5009616,False,False,False,False
347,41,Zhao,1,2,2,3580.001,-5.923677,0.8435026,-2.721706,-2.409244,-0.9819623,-0.4035389,True,-5.751219,2.4,False,Zhao,3577.421,3572.718,False,-3.842698,-1.939557,-0.5548646,True,False,False,False
348,41,Fan,-1,3,2,3583.921,6.171427,0.1163317,11.09289,-3.590013,-0.2144012,0.5036678,False,5.726219,0.12,False,Fan,3583.081,3572.718,False,17.34651,-2.18778,-0.5829905,True,False,False,False
349,41,Fan,-1,4,2,3608.901,5.947649,-1.611125,1.917293,0,5.532566,1.251447,False,2.348034,0.12,True,Zhao,3606.561,3606.717,False,2.076594,2.031146,-0.4435399,False,False,False,False
350,41,Zhao,1,4,3,3614.441,-6.050134,-1.535491,-5.077605,-9.787754,1.780422,-0.4689825,False,-5.751219,0.12,False,Zhao,3612.741,3606.717,False,-5.641784,0.9182665,-0.4923901,False,False,False,False
351,42,Fan,-1,1,0,3623.201,6.041571,1.110621,0.9867465,-8.165289,0.9436319,0.5065464,False,5.612712,2.4,True,Fan,3622.621,3623.053,False,11.115,-0.9188458,0.8861165,False,False,False,False
352,42,Zhao,1,1,1,3651.561,-6.070645,-1.315227,-5.526258,-7.611413,-3.584626,-0.5163001,False,-5.751219,0.12,False,Fan,3650.981,3642.801,False,-5.526258,-5.186741,-0.4736069,False,False,False,False
353,42,Zhao,1,1,2,3658.781,-5.934834,-1.343171,-5.198799,2.509156,-4.962149,-0.4691626,False,-5.751219,0.12,False,Fan,3658.76,3642.801,False,-5.198799,-6.183265,-0.414226,False,False,False,False
354,42,Zhao,1,1,3,3675.721,-6.318747,-1.611149,2.565571,-4.014342,-4.220681,-0.4562091,False,-5.751219,0.12,False,Fan,3675.701,3642.801,False,2.565571,-6.329103,-0.4323356,False,False,False,False
355,42,Zhao,1,1,4,3681.161,-5.93256,1.10928,-2.466499,0.64789,-1.260451,-0.4352472,True,-5.751219,2.4,False,Zhao,3679.26,3642.801,False,-4.674341,-2.053176,-0.439147,True,False,False,False
356,42,Fan,-1,2,4,3685.141,6.324819,0.04061148,10.8,-4.08263,0.7313453,1.659601,False,5.726219,0.12,True,Fan,3684.26,3685.115,False,14.6412,-2.771875,-0.7379578,True,False,False,False
357,43,Fan,-1,1,0,3713.501,6.041571,1.110621,0.9867465,-8.165289,1.620456,0.6755188,False,5.763719,2.4,True,Fan,3712.921,3713.376,False,11.115,-0.7150996,0.9927325,False,False,False,False
358,43,Fan,-1,2,0,3723.701,6.168468,1.079985,-1.049711,-11.69009,2.770322,-0.4752025,False,5.763719,2.4,True,Fan,3723.141,3723.635,False,14.94432,-2.067318,0.6307304,False,False,False,False
359,43,Fan,-1,3,0,3735.101,6.035737,-1.286208,4.423675,0.7438022,5.565144,0.9113664,False,5.528899,0.12,False,Fan,3734.881,3734.157,False,5.330277,4.622639,-0.3889802,False,False,False,False
360,43,Fan,-1,4,0,3747.101,6.379431,-1.598309,9.510269,2.019462,0.3410066,1.707743,False,1.732764,0.12,False,Fan,3746.581,3746.238,False,12.38401,0.3635707,-0.4145133,False,False,False,False
361,43,Zhao,1,4,1,3759.741,-5.950575,-0.5258949,-3.816444,7.049418,3.070931,-0.4094222,False,-5.751219,0.12,False,Fan,3757.26,3757.458,False,11.115,-2.414773,-0.4979827,False,False,False,False
362,43,Fan,-1,5,1,3763.721,6.28093,0.04061145,10.8,-4.177373,0.6594565,0.9715748,False,5.726219,0.12,False,Fan,3762.861,3757.458,False,15.2393,-3.03518,-0.7055518,True,False,False,False
363,44,Zhao,1,0,1,3825.201,-5.92166,-1.319413,-1.4661,2.479546,-5.015102,-0.3990973,False,-5.203656,0.12,False,Fan,3825.181,3815.735,False,-1.4661,-6.261509,-0.5033857,False,True,False,False
364,44,Fan,-1,1,1,3831.221,6.055221,-0.1529227,3.94772,-1.60436,4.92905,-0.4041928,False,4.531365,0.12,True,Zhao,3830.061,3830.613,False,8.195313,2.719946,-0.4733206,False,False,False,False
365,44,Fan,-1,2,1,3837.841,5.96975,-0.359306,0.07002871,-0.6051961,6.455792,-0.5741932,False,5.726219,0.12,False,Zhao,3837.821,3835.161,False,0.07002871,4.54921,-0.4856659,False,False,False,False
366,44,Zhao,1,2,2,3848.481,-5.906345,-0.8141366,-1.639369,0.03390494,-5.436883,-0.5576674,False,0.3563106,0.12,False,Fan,3848.461,3835.161,False,-1.639369,-6.288151,-0.4237036,False,True,False,False
367,44,Fan,-1,3,2,3853.201,6.250735,0.2043805,11.115,-4.858001,-0.1227196,1.405735,False,5.763719,2.4,True,Fan,3852.461,3853.098,False,11.115,-0.008481983,-0.7344792,True,False,False,False
368,44,Zhao,1,3,3,3864.741,-6.000369,-1.309412,-3.743093,-7.652791,-3.753987,-0.5567079,False,-5.751219,0.12,False,Fan,3863.901,3854.935,False,-4.158992,-4.440876,0.6277032,False,False,False,False
369,44,Fan,-1,4,3,3868.141,6.504772,0.1212802,16.2,-3.837439,2.007142,0.6796148,False,5.726219,0.12,False,Fan,3867.521,3854.935,False,16.2,-2.943933,-0.1386774,False,False,False,False
370,44,Fan,-1,5,3,3872.361,6.234667,1.039789,11.115,-2.560068,2.058108,-0.3615164,False,5.763719,2.4,True,Fan,3871.661,3871.914,False,11.115,0.1756017,0.3420895,False,False,False,False
371,44,Zhao,1,5,4,3884.241,-6.051272,-0.3500614,-6.755046,3.903204,4.595179,-0.7141863,False,-5.751219,0.12,False,Zhao,3882.961,3881.35,False,-10.21727,3.329438,-0.6945692,True,False,False,False
372,45,Fan,-1,1,0,3898.701,5.968699,-1.609066,1.909007,0,4.778431,-0.1704614,False,4.610548,0.12,True,Zhao,3897.581,3897.735,False,1.944663,2.629236,-0.4213403,False,False,False,False
373,45,Zhao,1,1,1,3919.821,-5.942775,-1.596055,-2.889233,1.124238,-4.384888,-0.3695314,False,-5.751219,0.12,False,Fan,3919.801,3915.495,False,-2.889233,-5.943725,-0.3128538,False,False,False,False
374,45,Fan,-1,2,1,3924.781,6.209622,1.149186,1.022015,-7.558437,0.2804065,-0.5003932,False,0.2748186,0.32,False,Fan,3924.181,3923.766,False,11.115,-1.695237,-0.7943088,True,False,False,False
375,45,Zhao,1,2,2,3933.341,-5.96454,-0.9648089,-3.348094,2.981303,-1.65666,-0.5418063,False,-5.751219,0.12,False,Fan,3931.821,3925.539,False,-5.13492,-2.620475,-0.4877447,False,False,False,False
376,45,Zhao,1,2,3,3939.000,-5.952587,-1.532081,-2.5507,1.613169,-4.256483,-0.4957561,False,-5.751219,0.12,False,Fan,3938.681,3925.539,False,-4.132868,-5.257132,-0.6139679,False,False,False,False
377,45,Zhao,1,2,4,3948.961,-5.892099,-0.07257454,-1.655754,-1.680265,-1.932363,-0.4487181,False,-5.640789,0.12,False,Zhao,3945.561,3944.174,False,-4.385106,-2.856837,-0.5117095,False,False,False,False
378,45,Fan,-1,3,4,3952.741,6.175039,0.1201584,13.23495,-3.781347,0.2929285,0.8898721,False,5.726219,0.12,False,Fan,3952.021,3944.174,False,15.93629,-2.945454,-0.5918991,True,False,False,False
379,45,Zhao,1,3,5,3961.801,-5.99831,-1.560148,-4.203464,-2.254949,-1.45762,-0.4559077,False,-5.751219,0.12,False,Fan,3960.281,3958.478,False,-6.987323,-2.322631,-0.5911899,False,False,False,False
380,45,Fan,-1,4,5,3965.760,6.324041,0.04061145,10.8,-4.018686,-0.0582187,1.281147,False,-5.751219,0.12,True,Fan,3964.881,3965.697,False,16.16428,-1.924109,-0.8198777,True,False,False,False
381,45,Zhao,1,4,6,3974.421,-5.893866,1.028714,-1.039745,3.297604,-3.235022,-0.4012895,True,-5.751219,2.4,False,Zhao,3970.581,3967.333,False,-2.366857,-4.267108,-0.5633044,True,False,False,False
382,45,Zhao,1,4,7,3981.541,-5.886633,-0.2996081,-1.320721,-5.438357,-3.365691,-0.4396088,False,-5.595119,0.12,False,Fan,3978.581,3967.333,False,-2.019015,-4.248526,-0.4361639,False,False,False,False
383,46,Zhao,1,0,1,3999.481,-5.93899,-1.611125,-3.344346,0,-3.754064,-0.4122734,False,-5.751219,0.12,False,Fan,3998.981,3986.893,False,-4.825696,-5.211056,-0.4352299,False,False,False,False
384,46,Zhao,1,0,2,4004.741,-6.061553,1.128203,-3.825586,-5.87568,-3.832512,-0.6283901,True,-5.751219,2.4,False,Zhao,4003.361,3986.893,False,-3.825586,-4.750907,-0.5892124,True,False,False,False
385,46,Fan,-1,1,2,4010.061,6.134211,-0.09220853,11.115,-5.014678,-1.484816,0.5887711,False,5.763719,2.4,True,Fan,4009.201,4009.711,False,11.115,-4.677773,-0.2195978,False,False,False,False
386,46,Zhao,1,1,3,4016.721,-5.983469,-1.267547,-6.015823,-4.241264,-0.5501409,-0.4584064,False,-5.751219,0.12,False,Fan,4015.541,4011.695,False,-6.906755,-1.608766,-0.4922591,False,False,False,False
387,46,Fan,-1,2,3,4025.341,6.444357,0.10374,13.76666,-2.960428,0.1551067,0.5458868,False,5.726219,0.12,False,Fan,4024.621,4011.695,False,13.76666,-3.251028,-0.4952689,False,False,False,False
388,46,Zhao,1,2,4,4043.301,-5.86109,-1.428206,-0.3224158,-1.890375,-4.869456,-0.4320545,False,-5.194467,0.12,False,Fan,4043.281,4033.255,False,-0.3224158,-5.90165,-0.26941,False,True,False,False
389,46,Fan,-1,3,4,4047.221,6.322166,0.04061146,11.56996,-4.21429,0.08170019,1.084127,False,5.726219,0.12,False,Fan,4046.381,4033.255,False,15.93034,-3.065103,-0.7669393,True,False,False,False
390,46,Fan,-1,4,4,4053.841,6.260535,0.5969901,11.115,-3.486001,3.339484,-0.03467415,False,5.763719,2.4,True,Fan,4053.241,4053.496,False,11.115,0.6131643,1.124493,False,False,False,False
391,46,Fan,-1,5,4,4060.821,5.919587,-0.5754687,0.5630098,-6.839491,6.411483,0.6269881,False,5.726219,0.12,False,Zhao,4060.681,4055.593,False,0.5630098,4.80808,0.2640766,False,False,False,False
392,47,Fan,-1,1,0,4076.161,5.964319,0.4212387,2.724171,1.757803,4.057827,-0.1465496,False,4.762956,2.4,True,Zhao,4074.641,4075.054,False,4.570724,3.217031,-0.4866292,True,False,False,False
393,47,Zhao,1,1,1,4082.241,-6.056864,-0.2571716,-5.384201,-6.29868,-0.5517949,-0.7602642,False,-5.751219,0.12,False,Zhao,4081.081,4075.054,False,-5.384201,-1.223005,-0.4748482,False,False,False,False
394,47,Fan,-1,2,1,4087.500,6.169383,0.7823664,11.115,-5.642002,2.34436,-1.128275,False,5.763719,2.4,True,Fan,4086.681,4086.841,False,11.115,-2.399882,-0.7874335,True,False,False,False
395,47,Fan,-1,3,1,4096.341,6.238374,0.2127139,11.115,-3.878001,1.534703,-1.03244,False,5.763719,2.4,True,Fan,4095.701,4095.778,False,11.115,-1.652589,0.7422981,False,False,False,False
396,47,Fan,-1,4,1,4101.261,6.016601,1.189044,-4.269561,-9.251611,5.596105,-0.3878787,False,5.763719,2.4,False,Fan,4101.161,4100.301,False,12.44102,4.13105,-0.1678852,True,False,False,False
397,47,Zhao,1,4,2,4127.280,-5.869627,-1.509007,-0.5948384,3.565515,-4.419044,-0.5121875,False,-5.479111,0.12,False,Fan,4127.161,4122.801,False,-0.1713689,-5.994397,-0.4192127,False,False,False,False
398,47,Zhao,1,4,3,4137.980,-5.929885,-1.15154,-2.714887,-1.37878,-3.223562,-0.448638,False,-5.751219,0.12,False,Fan,4137.061,4122.801,False,-3.713722,-4.224055,-0.5202117,False,False,False,False
399,48,Fan,-1,1,0,4165.021,5.951362,0.9628279,0.7452096,-8.596074,1.216888,0.9519824,False,5.763719,2.4,True,Fan,4164.421,4164.914,False,11.115,-0.8238602,1.247368,False,False,False,False
400,48,Fan,-1,2,0,4186.021,6.229751,0.3691388,11.115,-4.844428,0.2520493,1.227952,False,5.763719,2.4,True,Fan,4185.241,4185.758,False,11.115,-3.577605,-0.6093689,True,False,False,False
401,48,Fan,-1,3,0,4204.261,6.303782,0.4647132,11.115,0.04199979,4.710924,-0.6953592,False,5.763719,2.4,True,Fan,4204.021,4204.133,False,11.115,3.677465,0.7560713,False,False,False,False
402,48,Zhao,1,3,1,4214.621,-5.93754,-1.595848,-2.125991,0.8660907,-3.200333,-0.6732644,False,-5.742661,0.12,False,Zhao,4210.5,4209.16,True,-1.601719,-3.723747,0.3548061,False,False,False,False
403,48,Fan,-1,4,1,4225.661,6.141375,1.277587,-0.7916026,-7.394043,3.152709,-1.223609,False,5.763719,2.4,True,Fan,4225.101,4225.175,False,11.115,0.7386585,0.2878959,True,False,False,False
404,48,Fan,-1,5,1,4233.381,6.312346,-1.552607,11.08971,0.1479297,2.185505,1.457759,False,2.558686,0.12,False,Fan,4233.041,4232.933,False,13.82622,1.974199,-0.4044835,False,False,False,False
405,48,Fan,-1,6,1,4237.621,6.30891,0.9133649,11.115,-2.056718,3.295195,-0.8716784,False,5.763719,2.4,True,Fan,4237.161,4237.253,False,11.115,0.6779681,0.3359637,False,False,False,False
406,48,Fan,-1,7,1,4242.301,6.271106,-0.08013979,11.115,-1.270723,0.9359344,0.6726064,False,5.726219,0.12,False,Fan,4241.841,4237.253,False,11.115,1.941366,-0.4438367,False,False,False,False
407,48,Zhao,1,7,2,4248.681,-6.05983,-0.6935013,-5.59768,5.796547,3.058466,-0.4361152,False,-5.751219,0.12,False,Fan,4246.721,4246.82,False,11.115,-0.5598704,-0.4349781,False,False,False,False
408,49,Fan,-1,1,0,4255.320,5.951362,0.9628279,0.7452096,-8.596074,1.505154,1.016438,False,5.763719,2.4,True,Fan,4254.721,4255.217,False,11.115,-0.787818,0.8798629,False,False,False,False
409,50,Fan,-1,1,0,4345.721,5.925539,-0.1216671,0.626563,-9.782307,1.90602,0.6774058,False,5.654438,2.4,True,Fan,4345,4345.48,False,11.115,-0.8333721,0.4781967,False,False,False,False
410,50,Zhao,1,1,1,4351.980,-5.866041,1.234239,-0.2462284,-2.923711,-4.566414,-0.5269253,True,-5.73104,2.4,False,Zhao,4349.4,4347.67,False,-3.743508,-5.41499,-0.3903003,True,False,False,False
411,50,Zhao,1,1,2,4358.280,-5.978961,1.345416,-3.493422,3.328685,-4.435237,0.1677228,True,-5.751219,2.4,False,Fan,4358.121,4352.76,False,-3.88158,-5.396628,0.3170597,True,False,False,False
412,50,Zhao,1,1,3,4364.360,-6.079845,1.062016,-7.338117,3.307539,-2.541577,-0.5613113,True,-5.751219,2.4,False,Zhao,4363.94,4352.76,False,-7.338117,-3.75093,-0.3921304,True,False,False,False
413,50,Fan,-1,2,3,4371.980,6.090226,-1.458947,4.642826,0.6623592,1.808018,-0.5742517,False,0.4513046,0.12,True,Fan,4370.86,4371.818,False,4.835531,0.06364495,-0.3865075,False,False,False,False
414,50,Fan,-1,3,3,4382.881,6.035537,1.076096,4.701092,-4.460082,5.40241,-0.3798174,False,5.760877,2.4,True,Zhao,4382.181,4382.581,False,4.701092,1.740834,-0.6233479,True,False,False,False
415,50,Zhao,1,3,4,4404.541,-5.890554,-1.60491,-1.651038,0.3470026,-5.1696,-0.4249596,False,-4.956801,0.12,False,Fan,4404.521,4395.902,False,-1.651038,-5.796731,-0.22199,False,True,False,False
416,50,Zhao,1,3,5,4410.221,-5.89461,1.469214,-1.40918,5.190058,-2.174771,-0.4448292,True,-5.751219,2.4,False,Zhao,4408.141,4395.902,False,-3.962584,-3.207037,-0.4993055,True,False,False,False
417,50,Zhao,1,3,6,4415.701,-5.938518,-0.07450657,-3.413794,-10.22457,-2.40119,-0.4779797,False,-5.751219,0.12,False,Zhao,4414.201,4395.902,False,-4.299612,-3.21727,-0.445736,False,False,False,False
418,51,Fan,-1,1,0,4436.581,6.045369,1.095111,1.118558,-8.364809,2.030447,-0.4207934,False,5.763719,2.4,True,Fan,4435.98,4436.171,False,11.115,-0.4729122,-0.4697004,True,False,False,False
419,51,Zhao,1,1,1,4457.980,-5.926511,-1.611125,-3.407535,0,-2.432899,-0.4553274,False,-5.751219,0.12,False,Zhao,4456.78,4445.532,False,-3.475873,-3.371843,-0.4672742,False,False,False,False
420,51,Fan,-1,2,1,4462.900,6.313644,-0.6796208,11.115,-6.622002,-1.62429,0.8712756,False,5.711454,2.4,True,Fan,4461.98,4462.581,False,11.115,-3.383607,-0.4320429,False,False,False,False
421,51,Fan,-1,3,1,4468.801,6.115916,-0.6992413,7.599407,-1.713055,1.434144,0.2130446,False,2.311924,0.12,False,Fan,4468.181,4467.681,False,7.599407,0.1494222,-0.6812344,False,False,False,False
422,51,Fan,-1,4,1,4478.000,6.169499,0.9676903,11.115,-1.036475,2.931928,-1.040674,False,5.763719,2.4,True,Fan,4477.541,4477.618,False,11.115,2.394084,0.5892558,False,False,False,False
423,51,Fan,-1,5,1,4482.141,6.355226,0.6182062,14.74395,-2.092665,1.840918,-0.4053126,False,5.763719,2.4,True,Fan,4481.461,4481.821,False,14.74395,-4.17562,-0.4653528,True,False,False,False
424,51,Zhao,1,5,2,4492.980,-5.986437,-1.397863,-4.1615,3.312684,-4.190791,-0.2424099,False,-5.751219,0.12,False,Fan,4492.9,4481.821,False,-5.135654,-5.880445,-0.4629173,False,False,False,False
425,51,Zhao,1,5,3,4498.980,-5.915988,-0.8653414,-2.221822,-4.622776,-2.283495,-0.464623,False,-5.68817,0.12,False,Zhao,4497.36,4481.821,False,-5.501053,-3.162093,-0.4594668,False,False,False,False
426,51,Fan,-1,6,3,4502.961,6.159826,0.1166752,10.8,-3.607185,0.9488081,1.603783,False,5.763719,2.4,True,Fan,4502.101,4502.938,False,20.66233,-2.956784,-0.57987,True,False,False,False
427,52,Fan,-1,1,0,4536.121,5.773479,-1.284301,-9.060562,-1.713653,6.466808,-0.2234206,False,5.13621,0.12,False,Zhao,4536.101,901.9407,False,-9.060562,5.320498,-0.3727734,False,False,False,False
428,52,Zhao,1,1,1,4544.041,-5.946007,-0.4543167,-2.317436,5.265707,-3.167269,-0.433672,False,-5.751219,0.12,False,Zhao,4542.921,901.9407,False,-3.344957,-4.519479,-0.2439354,False,False,False,False
429,52,Fan,-1,2,1,4549.721,6.294892,0.4047228,11.115,-6.426002,1.668535,-0.7833874,False,5.763719,2.4,True,Fan,4548.82,4549,False,11.115,-3.859764,-0.931523,True,False,False,False
430,52,Zhao,1,2,2,4577.661,-6.000158,-1.600022,-6.537843,-0.6004648,-5.146981,-0.4622569,False,-5.194711,0.12,False,Fan,4577.641,4549,False,-6.537843,-6.504971,-0.3093009,False,True,False,False
431,52,Zhao,1,2,3,4585.141,-5.988321,-0.8582639,-3.413635,1.344002,-3.652627,-0.4358939,False,-5.751219,0.12,False,Fan,4584.561,4549,False,-3.654706,-4.734904,-0.6552806,False,False,False,False
432,52,Zhao,1,2,4,4596.041,-5.994063,-1.437376,-3.73121,1.312819,-4.284276,-0.4428072,False,-5.751219,0.12,False,Fan,4595.82,4549,False,-4.733912,-5.465129,-0.6174415,False,False,False,False
433,52,Zhao,1,2,5,4600.980,-6.005955,-1.350091,-4.744774,0.2356789,-1.528675,-0.4809234,False,-5.751219,0.12,False,Fan,4600.181,4549,False,-5.957712,-2.617666,-0.4872247,False,False,False,False
434,52,Fan,-1,3,5,4605.860,6.193881,1.168235,11.115,-4.074001,1.785681,-0.9891396,False,5.763719,2.4,True,Fan,4605.201,4605.301,False,11.115,-2.194245,-0.9184776,True,False,False,False
435,52,Fan,-1,4,5,4612.041,6.266174,0.4138665,13.05113,1.022,6.547923,-0.4838333,True,5.763719,2.4,False,Fan,4611.9,4605.301,False,13.05113,3.897361,-0.420776,True,False,False,False
436,53,Fan,-1,1,0,4616.541,6.041571,1.110621,0.9867465,-8.165289,1.075748,0.8186265,False,5.650642,2.4,True,Fan,4615.961,4616.436,False,11.115,-0.892136,1.059729,False,False,False,False
437,53,Zhao,1,1,1,4630.201,-6.074093,-1.540071,-6.525574,0.8412464,1.073328,-0.4944507,False,-5.751219,0.12,False,Zhao,4628.761,4624.3,False,-9.292113,0.1483309,-0.5985742,False,False,False,False
438,53,Fan,-1,2,1,4640.041,6.336032,0.877804,11.115,-2.155534,3.094414,-0.243184,False,5.763719,2.4,True,Fan,4639.44,4639.536,False,11.115,1.306276,0.2758048,False,False,False,False
439,53,Zhao,1,2,2,4676.021,-5.957259,-1.490801,-1.907864,-1.228176,-4.753517,-0.2315059,False,-5.170305,0.12,False,Fan,4676,4663.055,False,-1.907864,-6.059224,-0.4049065,False,True,False,False
440,53,Zhao,1,2,3,4687.681,-5.951918,-0.4407862,-3.257758,-3.564912,-1.604845,-0.4669114,False,-5.751219,0.12,False,Fan,4686.44,4663.055,False,-5.253369,-2.250774,-0.3909603,False,False,False,False
441,53,Fan,-1,3,3,4691.601,6.210276,0.11471,11.48543,-3.508929,0.3457917,1.493589,False,5.726219,0.12,False,Fan,4690.761,4663.055,False,12.88661,-2.578963,-0.4161545,False,False,False,False
442,54,Fan,-1,1,0,4706.860,5.951362,0.9628279,0.7452096,-8.596074,1.170379,0.8507277,False,5.635265,2.4,True,Fan,4706.261,4706.733,False,11.115,-0.811309,0.7679678,False,False,False,False
443,54,Fan,-1,2,0,4712.980,6.164451,0.6935412,11.115,3.088066,5.623585,-0.495888,False,5.763719,2.4,True,Fan,4712.9,4711.78,False,11.115,4.538953,0.1898358,True,False,False,False
444,54,Zhao,1,2,1,4724.041,-5.927207,-1.586965,-2.289907,0.4391119,-4.261847,-0.4792812,False,-5.751219,0.12,False,Fan,4722.761,4714.171,False,-3.069812,-5.520598,-0.5398123,False,False,False,False
445,54,Zhao,1,2,2,4730.061,-5.968527,0.01468976,-2.892529,-8.65267,-2.905357,-0.4461542,False,-5.751219,0.12,False,Zhao,4728.561,4714.171,False,-3.213921,-3.765861,-0.4793426,False,False,False,False
446,54,Zhao,1,2,3,4753.121,-5.997028,-1.60872,-3.582616,0,-4.730329,-0.3308519,False,-4.592632,0.12,False,Fan,4753.081,4733.86,False,-4.010815,-6.145994,-0.2667075,False,True,False,False
447,54,Fan,-1,3,3,4761.101,5.990664,-0.45372,3.980798,2.423668,1.947206,-0.4143847,False,1.390362,0.4,True,Fan,4760.301,4761.061,False,5.489593,0.6539237,-0.8404156,False,False,False,False
448,55,Fan,-1,1,0,4800.440,6.030967,-1.079407,3.175466,-0.9196617,4.987654,-0.1675183,False,5.539757,2.4,True,Zhao,4800.221,4800.257,False,3.175466,3.61996,-0.5477087,False,False,False,False
449,55,Zhao,1,1,1,4808.101,-5.978112,0.1069502,-3.923797,-5.51671,-4.487315,0.01524601,False,-5.751219,0.12,False,Zhao,4807.641,4800.257,False,-3.923797,-4.955953,-0.6652389,True,False,False,False
450,55,Fan,-1,2,1,4826.121,5.962235,-1.608231,1.399722,0,5.554405,0.8024386,False,5.004054,0.12,False,Fan,4825.761,4824.856,False,3.071791,5.593592,-0.5731148,False,True,False,False
451,55,Fan,-1,3,1,4842.541,6.028977,-0.7207235,3.670229,-4.064591,3.958008,-0.9145511,False,1.549376,0.12,True,Fan,4841.461,4842.074,False,4.094715,0.878257,-0.4099638,False,False,False,False
452,55,Zhao,1,3,2,4852.681,-6.044925,-1.255648,-5.490106,-4.91971,-3.679389,-0.3995008,False,-5.751219,0.12,False,Fan,4852.521,4842.074,False,-5.490106,-4.930318,-0.448886,False,False,False,False
453,55,Zhao,1,3,3,4858.181,-5.975627,-1.558307,-4.624728,0.6320854,-3.179408,-0.4553805,False,-5.751219,0.12,False,Fan,4857.841,4842.074,False,-5.785749,-4.303295,-0.838102,False,False,False,False
454,55,Fan,-1,4,3,4865.761,6.003134,-0.09157189,3.418204,-0.1889534,4.164308,-0.87782,False,-0.4191819,2.4,True,Zhao,4861.9,4863.293,False,-5.556274,1.313702,-0.4835827,False,False,False,False
455,55,Zhao,1,4,4,4872.421,-5.984003,-1.213517,-4.669647,-1.010831,1.625486,-0.4658406,False,-5.751219,0.12,False,Zhao,4870.541,4867.595,False,-5.641679,0.7307701,-0.4361603,False,False,False,False
456,56,Zhao,1,0,1,4890.900,-5.960985,-0.5936788,-3.209343,-5.911312,-2.784779,-0.3572801,False,-5.751219,0.12,False,Fan,4886.78,4887.154,False,11.115,-4.529657,-0.5457932,False,False,False,False
457,56,Zhao,1,0,2,4896.621,-5.915887,-1.352248,-2.471758,6.348372,-2.983387,-0.4251443,False,-5.751219,0.12,False,Fan,4895.461,4887.154,False,-2.714547,-4.100153,-0.4494236,False,False,False,False
458,56,Zhao,1,0,3,4901.641,-5.996336,-0.5637652,-4.873063,-6.722891,-1.964878,-0.4130191,False,-5.751219,0.12,False,Zhao,4900.48,4887.154,False,-4.873063,-3.140387,-0.5409465,False,False,False,False
459,56,Fan,-1,1,3,4907.261,6.017535,-0.8156597,4.646473,-0.7614757,4.001216,0.578748,False,1.607699,0.12,True,Zhao,4906.221,4906.275,False,6.675273,1.929819,-0.5143799,False,False,False,False
460,56,Zhao,1,1,4,4914.601,-5.954157,-1.342523,-4.47996,-2.883081,-0.9587577,-0.3884935,False,-5.751219,0.12,False,Fan,4913.621,4906.275,False,-5.928739,-2.024143,-0.4156771,False,False,False,False
461,56,Fan,-1,2,4,4918.521,6.219241,0.1124369,11.14279,-3.395271,0.3402653,1.200593,False,5.726219,0.12,False,Fan,4917.681,4906.275,False,17.80121,-2.430451,-0.832359,True,False,False,False
462,56,Fan,-1,3,4,4925.301,5.979574,0.3409848,3.168916,3.13134,6.410389,-0.5189674,True,5.763719,2.4,False,Zhao,4925.24,4921.811,False,3.168916,4.780919,0.2260349,False,False,True,False
463,56,Fan,-1,4,4,4938.921,6.140343,1.288913,11.115,3.169999,5.245493,-0.4219208,False,5.763719,2.4,True,Fan,4938.721,4938.854,False,11.115,3.780599,0.7982988,True,False,False,False
464,56,Fan,-1,5,4,4945.240,6.257043,-0.2966819,11.115,3.083776,6.948834,-0.3639632,False,5.726219,0.12,False,Fan,4945.161,4943.261,False,11.115,5.043995,-0.3582644,False,False,False,False
465,56,Fan,-1,6,4,4949.461,6.347511,-1.521663,16.245,0.004000008,1.988749,0.2653934,False,5.726219,0.12,False,Fan,4949.061,4943.261,False,16.245,0.09432559,-0.4394035,False,False,False,False
466,56,Zhao,1,6,5,4958.940,-5.950149,-0.6839138,-2.797674,1.520318,-2.050677,-0.3741387,False,-5.751219,0.12,False,Fan,4957.9,4953.718,False,-4.142303,-3.132482,-0.3940215,False,False,False,False
467,56,Fan,-1,7,5,4962.900,6.335916,0.04061144,10.8,-3.979061,-0.1290215,0.3887525,False,5.726219,0.12,False,Fan,4962.041,4953.718,False,15.05295,-1.555892,-0.7180113,True,False,False,False
468,56,Zhao,1,7,6,4973.621,-5.923184,-1.609566,-2.344043,0,-4.366114,-0.4235656,False,-5.751219,0.12,False,Fan,4970.141,4967.634,False,-2.481646,-5.331959,-0.4830258,False,False,False,False
469,57,Zhao,1,0,1,5017.860,-5.856848,-0.7167028,0.832516,1.418071,-5.392535,-0.5222979,False,3.715913,0.12,False,Fan,5017.841,4987.692,False,0.832516,-6.208356,-0.4730843,False,True,False,False
470,57,Zhao,1,0,2,5023.161,-5.989839,-1.263535,-4.784257,-8.163894,-4.78009,0.05920289,False,-5.751219,0.12,False,Fan,5022.461,4987.692,False,-5.315842,-3.089624,0.9375831,False,False,False,False
471,57,Zhao,1,0,3,5028.921,-6.060068,-0.7645788,-5.98597,-1.478004,-4.316862,-0.3510501,False,-5.751219,0.12,False,Fan,5028.801,4987.692,False,-5.98597,-5.420247,-0.4888285,False,False,False,False
472,57,Zhao,1,0,4,5034.740,-5.934157,1.357385,-3.515873,2.303085,-5.011591,0.4047271,True,-5.751219,2.4,False,Fan,5034.721,4987.692,False,-3.515873,-5.828218,0.7325069,False,True,False,False
473,57,Zhao,1,0,5,5044.360,-5.913545,1.018731,-2.521192,0.5585546,-1.842206,-0.4112553,True,-5.751219,2.4,False,Zhao,5043.161,4987.692,False,-6.575955,-2.861606,-0.4428141,True,False,False,False
474,57,Zhao,1,0,6,5049.141,-5.944228,-0.6287305,-3.331337,5.325573,-1.366165,-0.3797526,False,-5.751219,0.12,False,Zhao,5047.94,4987.692,False,-6.000648,-2.377526,-0.7925805,True,False,False,False
475,57,Zhao,1,0,7,5054.301,-5.94246,1.029173,-3.771433,-5.271266,-2.574548,-0.6779666,True,-5.751219,2.4,False,Zhao,5053.181,4987.692,False,-3.771433,-3.833426,-0.5915968,True,False,False,False
476,58,Zhao,1,0,1,5070.921,-6.0546,-0.9213085,-5.040749,-0.7809893,-0.2541642,-0.4222308,False,-5.751219,0.12,False,Fan,5070,5067.774,False,-5.653835,-3.341777,-0.554167,False,False,False,False
477,58,Zhao,1,0,2,5081.061,-5.956765,-0.4680814,-3.278611,-2.360321,-3.428576,-0.4548715,False,-5.751219,0.12,False,Fan,5079.621,5075.961,False,-4.504725,-4.309773,-0.1716226,False,False,False,False
478,58,Fan,-1,1,2,5086.440,6.192329,0.09646399,11.115,-4.662001,2.644717,-0.4225985,False,5.763719,2.4,True,Fan,5085.721,5085.896,False,11.115,-1.47833,-0.4330717,False,False,False,False
479,58,Zhao,1,1,3,5102.181,-5.939461,-1.190764,-2.077778,1.919206,-3.108845,-0.5555127,False,-5.738794,0.12,False,Zhao,5097.521,5090.676,False,-2.95628,-4.010603,-0.4821962,False,False,False,False
480,58,Zhao,1,1,4,5131.021,-5.914801,-1.556121,-5.380877,-2.71367,-4.5212,-0.3843555,False,-4.570183,0.12,False,Fan,5131.001,5090.676,False,-5.380877,-5.941319,-0.3833419,False,True,False,False
481,58,Zhao,1,1,5,5136.940,-5.941481,-1.53463,-3.708325,2.881854,-3.903862,-0.4698714,False,-5.751219,0.12,False,Fan,5136.721,5090.676,False,-4.736526,-5.103096,-0.5067101,False,False,False,False
482,58,Fan,-1,2,5,5143.801,6.04865,0.3093352,4.129553,-1.7282,4.928305,-0.613911,False,3.278119,2.4,True,Fan,5141.98,5142.221,False,6.52912,-2.288323,-0.4752543,True,False,False,False
483,58,Fan,-1,3,5,5150.801,5.963485,-1.526437,2.036599,-2.369412,4.788581,0.4360945,False,5.763719,2.4,True,Zhao,5150.301,5150.359,False,2.036599,2.944209,-0.7282764,False,False,False,False
484,59,Zhao,1,0,1,5159.681,-5.985096,-0.569229,-4.623218,6.216161,2.469418,-0.4244387,False,-5.751219,0.12,False,Fan,5157.641,5158.049,False,11.115,-3.274819,-0.4272717,False,False,False,False
485,59,Fan,-1,1,1,5167.021,6.155383,0.3939869,11.115,-3.208758,2.432791,-1.067305,False,5.763719,2.4,True,Fan,5166.301,5166.357,False,11.115,-1.251388,0.7441387,False,False,False,False
486,59,Fan,-1,2,1,5175.360,6.215076,1.187071,-0.647756,-8.010908,4.114035,-1.030153,False,5.763719,2.4,True,Fan,5175.041,5175.114,False,11.115,2.60493,-0.4862087,True,False,False,False
487,59,Zhao,1,2,2,5208.700,-6.059133,0.1862115,-5.6077,-0.865801,-4.167327,-0.4459477,False,-5.751219,0.12,False,Fan,5208.4,5194.301,False,-6.230778,-4.932877,-0.3877227,False,False,False,False
488,59,Zhao,1,2,3,5214.601,-5.93928,-1.498604,-2.132509,-0.4853882,-4.940807,-0.411975,False,-4.77848,0.12,False,Fan,5214.28,5194.301,False,-2.715084,-5.571818,-0.5221655,False,True,False,False
489,59,Fan,-1,3,3,5227.181,6.055249,-1.599454,2.956361,2.742487,6.501609,-0.4892863,False,5.386224,0.12,False,Zhao,5227.141,5219.059,False,4.881628,5.289157,-0.06102431,False,True,False,False
490,59,Zhao,1,3,4,5234.940,-6.127935,-1.233915,-8.032036,-4.553932,0.6631988,-0.4648145,False,-5.751219,0.12,False,Fan,5234.24,5219.059,False,-8.032036,-1.661701,-0.5070761,False,False,False,False
491,59,Zhao,1,3,5,5240.341,-5.882997,0.2724449,-0.9380226,-1.371999,-3.416064,-0.601354,False,-5.751219,0.12,False,Fan,5236.021,5219.059,False,-4.374842,-4.416829,-0.5006377,True,False,False,False
492,60,Fan,-1,1,0,5250.620,6.166923,1.05322,12.04108,-4.074001,3.72014,1.429906,True,5.763719,2.4,False,Fan,5249.961,5248.371,False,12.04108,-1.75483,-0.6249503,True,False,False,False
493,60,Fan,-1,2,0,5299.101,6.33202,0.5834057,11.115,-1.918,4.344562,-0.4370662,False,0.3705178,0.04,True,Fan,5298.66,5297.736,False,11.115,1.905436,-0.5120766,True,False,False,False
494,60,Zhao,1,2,1,5305.221,-6.046777,-0.08715317,-6.942718,-6.664779,3.002149,-0.4299381,False,-5.751219,0.12,False,Zhao,5304.001,5297.736,False,-7.714131,-0.949878,-0.4908366,False,False,False,False
495,60,Zhao,1,2,2,5310.461,-5.893664,0.3822048,-0.9999314,8.046627E-07,-3.394986,-0.479743,False,-5.610243,0.12,False,Fan,5306.841,5297.736,False,-4.564733,-4.21647,-0.4490374,True,False,False,False
496,60,Zhao,1,2,3,5319.341,-6.222017,-1.342274,-15.82856,0.5438287,2.245287,-0.5834551,False,-5.751219,0.12,False,Fan,5318.98,5314.455,False,-19.11266,1.275095,-0.7259389,False,False,False,False
497,60,Zhao,1,2,4,5328.881,-6.015504,-1.492209,-5.281266,2.878321,-4.518002,-0.2632699,False,-5.751219,0.12,False,Fan,5328.82,5314.455,False,-6.585689,-6.085718,-0.4202689,False,False,False,False
498,60,Zhao,1,2,5,5334.601,-6.02315,-1.219571,-4.541132,0.9645054,-4.260391,-0.4765395,False,-5.751219,0.12,False,Fan,5334.32,5314.455,False,-6.541937,-5.218133,-0.6348657,False,False,False,False
499,61,Zhao,1,0,1,5340.280,-5.985096,-0.569229,-4.623218,6.216161,2.486249,-0.4261156,False,-5.751219,0.12,False,Fan,5338.24,5338.669,False,11.115,-3.30697,-0.4350643,False,False,False,False
500,61,Fan,-1,1,1,5343.681,6.552956,0.11867,16.2,-3.706926,1.52303,1.092083,False,-5.751219,0.12,True,Fan,5343.061,5343.628,False,16.2,-2.878797,-0.1186189,False,False,False,False
